System,P (pooled),R (pooled),F1 (pooled),F1 mean±std (folds)
indobert_crf_gold,0.8561,0.8553,0.8557,0.8554 ± 0.0106
proposed,0.8328,0.8765,0.8541,0.8533 ± 0.0311
naive_silver_ft,0.8191,0.8655,0.8416,0.8412 ± 0.0359
mbert_crf_gold,0.8227,0.8325,0.8276,0.8272 ± 0.0269
softmax_ft,0.8209,0.791,0.8057,0.8050 ± 0.0199
indobertweet_crf_gold,0.8454,0.7631,0.8021,0.8010 ± 0.0267
bilstm_crf,0.7887,0.6252,0.6975,0.6980 ± 0.0323
gazetteer,0.4691,0.8029,0.5922,0.5923 ± 0.0461
base_only,0.4672,0.802,0.5905,0.5908 ± 0.0405
