Sentence_ID,Sentence,Errors
Gold_4,@USER Perang melawan hyperliquid ditambah kejadian 10 Oktober bikin dia jadi public enemy . Jual bnb dan hyperliquid kalian terus beliin aster gaessss dahh banyak tu duit binance buat gerakin aster wkwkwkwkwkwkwkwwkwkk,False negative: no slang/jargon context: bnb
Gold_7,@USER Harga TKO hanya naik sebentar Token apa ini ?,False negative: other: TKO
Gold_8,@USER @USER Karena bnyak penipu jadah yg berhsil mencuri menipu koin pi pioneer awam akhirnya lngsung jual ajal hasil nyurinya,False negative: other: pi
Gold_11,MNT Reward Booster balik lagi kali ini makin mantep karena ada total 1 . 5 juta $MNT siap dibagikan ! Cuma perlu lock $MNT kumpulin MP terus bisa dapet boost sampe 3x . Makin lama kamu lock token makin cuan Periode 8 April 7 Juli 2025 Info lengkap HTTPURL,False negative: other: MNT
Gold_36,Sudah aku ingatkan jauh jauh hari btc swing aja jgn di hold entitas yg hold btc banyak mereka jual market dump Besmart investor btc sdh di kuasai entitas jd bahaya klo di hold mending swing aja swing tp exit jgn di hold terlalu sakit klo terjun btcnya sakit HTTPURL,False negative: other: btcnya
Gold_37,build in quality gak berasa harga under 100 ribu . . suer bagus bgt ! ! jahit dan lem rapi . . modelnya kait dan bisa di adjust . . sol gakeras dan bagian bawah gak licin . materialnya suede leather jadi gak gampang sobek atau crack cuman gampang kotor aja HTTPURL,False positive: cross-domain ambiguity: sol
Gold_39,@USER Bg kemaren pas vitalik jual 10b koin moodengeth itu senilai berapa bg ? $20  ? Apa yang dikatakan di twet vb sumbangan $20  itu dari jual moodeng ?,False negative: other: moodengeth
Gold_42,Bitcoin Diprediksi Tembus $144  . 0 ! Kabar baik buat para investor crypto analis dari 10x Research menyebut bahwa Bitcoin berpotensi naik hingga US $144  . 0 jika berhasil breakout dari zona resistance penting dan mempertahankan harga di atas US $100  . 0 . #Bitcoin #BTC HTTPURL,False positive: cross-domain ambiguity: Bitcoin
Gold_43,Out of topic dari crypto tapi kalo kalian suka yang aman yet masih bisa ngalahin market kayanya $AAPL bagus untuk kalian . Singkat padat cuan . HTTPURL,False positive: cross-domain ambiguity: $AAPL
Gold_47,Crypto Dealmaking Boom or Bubble ? Kuartal awal 2025 jadi momen rekor untuk dunia crypto ! Ada 61 transaksi senilai total $2  . 2 miliar . Kraken beli NinjaTrader seharga $1  . 5 miliar dan Ripple baru aja akuisisi Hidden Road sebesar $1  . 25 miliar . Tapi apakah ini tanda kebangkitan,False positive: cross-domain ambiguity: Ripple
Gold_50,Di Balik Harga InterLink 3 Hal yang Benar - Benar Penting Token InterLink sekarang mulai kembali ke wallet dan pasar akan segera berbicara . Tapi sebelum kita bicara soal harga mari kita bahas fundamentalnya . Dalam pasar terbuka ada 3 faktor utama yang menentukan nilai jangka HTTPURL,False negative: other: InterLink || False negative: other: InterLink
Gold_55,@USER Maskbnb bukan maskusdc atau usdt . Udah beli mask aja bli . Bentar lagi bikin huruf W tuh,False negative: no slang/jargon context: maskusdc || False negative: no slang/jargon context: Maskbnb
Gold_62,@USER 4 trx janggal beli 1 500 0 2x jual 3 500 0 2x yg ngasih token siapa ? fix orang dalem ini mah,False positive: cross-domain ambiguity: trx
Gold_70,Staking bisa dilakukan di chain yang berbeda seperti Binance ETH atau ARB . Kamu bisa beli $Sfund di Binance atau Uniswap . Ukuran staking kamu berapa lama kamu mengunci stake poin multiplier . HTTPURL,False positive: cross-domain ambiguity: Uniswap
Gold_81,Dunia kripto sedang bergelora dan kita mulakan dengan Mantra dan Terra Luna . Terra runtuh disebabkan kelemahan binaan sistem tetapi Mantra dan token OMnya berjaya mengelakkan kegagalan sistematik yang serupa . Warga komuniti Mantra percaya bahawa kunci kelangsungan adalah,False positive: cross-domain ambiguity: Mantra || Boundary error (FP side): Luna || False positive: cross-domain ambiguity: Terra || Boundary error (FP side): Terra || Boundary error (FN side): Terra Luna || False negative: other: OMnya
Gold_85,Emas tembus rekor ! Saatnya beli ? Yuk cari tahu jawabannya bareng @USER di IG Live bareng @USER ! Kita bakal bahas peluang investasi emas digital lewat $XAUT Tether Gold dan gimana cara manfaatinnya di tengah market yang nggak pasti 25 Juni 2025 HTTPURL,False positive: cross-domain ambiguity: Tether Gold
Gold_86,Alhamdulillah uda cuan dr kenaikan harga $BNB lanjut dapet free airdrop dr Binance HODLers . Kebetulan free airdrop ketiga bulan ini adalah $C Chainbase setelah sebelumnya ada $ERA . BNB sukses ATH baru Hodler sukses panen free airdrop setiap bulannya . Jika kamu masih HTTPURL,False negative: other: $C
Gold_95,Presiden Donald Trump mengonfirmasi gala dinner pribadi pada 22 Mei di Trump National Golf Club Washington bagi 220 pemegang token TRUMP teratas . 25 dompet teratas akan mendapatkan akses VIP sesi foto bersama Trump dan tur berpemandu . Semua peserta akan menerima NFT HTTPURL,False negative: other: TRUMP
Gold_98,@USER @USER @USER @USER boleh bridge kalo kamu pny platform bridge yg terpercaya dan murah tapi kalo ga ada ya jual dulu aja lalu pindahin ke cbBTC di solana cuma ingat ya hitung2an juga yaa gas fee btcb mu ketika di jual karena bnb chain kadang gas fee agak gak ngotak tuh lalu ingat ya APY di defi,False negative: no slang/jargon context: btcb || False negative: no slang/jargon context: cbBTC
Gold_105,AB TOKEN AIRDROP POTENSI JP BRUTAL GUYS AMANAH BISNIS Karya Anak Bangsa Boss Ku . Aktivasi Akun hanya dengan 7 USDC saja . NIKMATI BERBAGAI KEUNTUNGAN LUAR BIASA Reward Harian 50 . 0 AB Maksimal Akumulasi Reward 100 Juta AB Withdraw 3x Seminggu HTTPURL,False negative: other: AB || False negative: other: AB
Gold_109,#Binance Wallet akan meluncurkan acara TGE eksklusif ke - 7 untuk #PumpBTC $PUMP . Harga TGE untuk PumpBTC ditetapkan sebesar 0 247905 BNB per PUMP . Pendaftaran akan dibuka pada pukul 2300 Waktu Indonesia Barat pada 1 April dan berlangsung selama 45 menit . Bagaimana cara HTTPURL,False negative: other: PumpBTC
Gold_123,Outlook Websignal Cuan Bagaimana bisa punya Websignal dan Outlook update tiap harinya ? Bisa join @USER #Litcoin #altcoin $Litusd HTTPURL,False positive: cross-domain ambiguity: #Litcoin
Gold_125,@USER SampP 500 sama NASDAQ Retest setelah mengalamai Change Of Character dari trend kenaikannya BTD . D Udah mau sampai area base nya sebelum rally kemungkinan akan mantul BTC Tidak bisa Up ke 107k Mungkin akan terjadi koreksi lagi untuk market HTTPURL,False positive: cross-domain ambiguity: BTD
Gold_144,@USER @USER awal terjun perdunian ini tahun 2021 waktu itu lagi hype projek sol di ds sejujurnya ini sangat membantu untuk saya sendiri yang terlahir dari hidup yang sederhana lalu move ke play to earn contoh nya axie genopets and more others .,False positive: cross-domain ambiguity: axie || False negative: no slang/jargon context: sol
Gold_145,$FUND Rugpull Brutal Harga Anjlok - 72 dalam Semalam Investor Rugi Miliaran Ini Bukti Developer Kabur dengan Duitmu ? Horor sekali di dunia crypto ini $SFUND yang baru saja live di @USER dengan janji biaya murah dan likuiditas super kini jadi mimpi buruk setelah harga jeblok HTTPURL,False negative: other: $FUND
Gold_151,810 Jadi LP cocok buat lu yang Pengen aset kerja sendiri Gak mau pusing market naik - turun Kayak buka lapak jual beli token 24 jam Tapi harus di disclaimer . Lu harus buka LP koin yang lu perayai . So far gw buka LP di SUIUSDC dan SOLUSDC,False negative: other: SUIUSDC || False negative: other: SOLUSDC
Gold_159,Aku kadang berpikir Kalo Strategy hold 1jt btc dan mereka jual cuman 10btc . Apakah itu bakal jadi sentimen negatif dan berakibat ke panic selling ?,False negative: other: 10btc
Gold_182,Iseng - iseng surfing coin OM setelah saya teliti ada SDK di sana . Ketika harganya terjun bebas itu adalah kesalahan penulisan Parameter dan Syntax . Butuh dana besar untuk mengembalikan kepercayaan pasar . Tetapi ada niat baik dari sang CEO ini perlu kita hargai . #DYOR,False negative: other: OM
Gold_188,Mau minta saran suhu untuk diversifikasi kemana di kondisi bear market sekarang ini ? wait and sleep apa tetep cicil btc dan lainnya ? DYOR HTTPURL,False positive: cross-domain ambiguity: btc
Gold_190,Dalam waktu 1 hari harga aset kripto RARE sudah naik 28 . 31 loh ! Cek dan beli RARE di HTTPURL #INDODAX #AsetMasaDepan #RARE HTTPURL,False positive: cross-domain ambiguity: #RARE || False negative: other: RARE || False negative: other: RARE
Gold_192,@USER @USER Strategi scalping ini sederhana untuk pemula . Cari koin dengan lonjakan volume perdagangan misalnya naik 200 atau lebih tapi harga belum berubah banyak kurang dari 5 - 10 . Contoh koin REZ volume naik 266 . 68 tapi harga turun hanya 5 . 84 . Masukkan koin ini ke watchlist .,False negative: other: REZ
Gold_210,SUPER BULLISH ON $HYPE ! ! Sonnet BioTherapeutics perusahaan biotech yang dikenal di bidang imunoterapi resmi banting setir ke dunia kripto . Mereka merger sama entitas investor buat bentuk Hyperliquid Strategies Inc . HSI perusahaan publik baru yang fokus ngebangun treasury HTTPURL,False positive: cross-domain ambiguity: Hyperliquid
Gold_219,Bursa kripto Bitget mengumumkan akan mengambil tindakan hukum terhadap delapan akun yang diduga memanipulasi pasar VOXEL menghasilkan keuntungan sebesar 20 juta USD . Pada 20 April harga token VOXEL dari game Voxie Tactics berbasis Polygon melonjak lebih dari 500 . Bitget HTTPURL,False negative: other: VOXEL || False negative: other: VOXEL
Gold_222,ASAL USUL ALAM SEMESTA BITTENSOR PART III KETIKA NILAI TIDAK DATANG DARI HARGA TAPI DARI JARINGAN Di titik terdalam alam semesta Bittensor Bukan lagi planet . Bukan lagi subnet . Tapi JARINGAN YANG BERPIKIR SENDIRI . @USER melayang tanpa kendaraan . HTTPURL,False positive: cross-domain ambiguity: BITTENSOR || False positive: cross-domain ambiguity: Bittensor
Gold_224,1 Waktunya cuan bareng JBC ! Airdrop terbaru sudah LIVE jangan ketinggalan momen ini . Reward lumayan amp valid 100 HTTPURL #jbc #crypto HTTPURL,False negative: other: JBC
Gold_237,Di market kadang cuan kadang nyangkut . Tapi bareng KOKOK Army semua momen jadi cerita seru ! Ketawa bareng seru - seruan bareng panik ? Bareng juga KOKOK army itu bukan sekadar grup crypto tapi juga tempat seru - seruan . ketawa belajar dan tumbuh bareng . Love you $KOKOK HTTPURL,False negative: other: KOKOK || False negative: other: KOKOK
Gold_244,@USER @USER Saat ini market masih volatile . Volume perdagangan belum menunjukan ledakan besar . Sentimen global kripto masih campuran . Jika harga mampu bertahan di atas $150  dan break out dari $170  kita bisa melihat SOL menuju $187  dan selanjutnya mencoba dekati kembali ATH sekitar $293  .,False positive: cross-domain ambiguity: ATH
Gold_249,BONGKAR RAHASIA KRIPTO Dari Nol Sampai Cuan Ratusan Persen Dipandu langsung oleh CMO Bitwewe @USER yang udah malang melintang di dunia Kripto ! Senin 28 April 2025 1900 WIB Live via Zoom DAFTAR SEKARANG ! scan QR Atau link HTTPURL HTTPURL,False positive: cross-domain ambiguity: link
Gold_254,@USER jujur susah bgt . . malah yg real dukung setahun kayak gda harga dirinya somi . airdrop yg lainnya jg sering ngabu sekrg,False negative: no slang/jargon context: somi
Gold_262,mumpung lagi rame ada yang mau beli SNS . sol ? single emoji register 2021 . . . . HTTPURL,False positive: cross-domain ambiguity: sol
Gold_268,vix spx ada gap belum di closing . btc ada gap belum di closing . . . fact nya smart money lg masuk risk aset . . inflasi masih stiky . . cpi aturan dengan gdp us yg udah negatif Q1 harga minyak yg turun harusnya CPI bisa di bawah 2 inilah kenapa gw agak ragu,False positive: cross-domain ambiguity: vix || False positive: cross-domain ambiguity: spx
Gold_272,@USER @USER Halo ! Maksudnya outflow Bitcoin lebih dari 27 0 dari Binance itu menunjukkan banyak investor besar seperti institusi atau whale memindahkan Bitcoin mereka ke dompet pribadi . Ini biasanya tanda mereka yakin harga Bitcoin akan naik jadi mereka simpan untuk jangka panjang .,False positive: cross-domain ambiguity: Bitcoin
Gold_281,3 koin memecoin yang saya beli di bulan November 2024 harganya naik gila2an secara brutal dari 20x - 80x koinya ada $pytia $Aura $Labubu tapi sayangnya waktu Crash Februari saya Outjual semua Koin meme saya itu . pelajaran yang saya dapati harus lebih sabar dan tetap Conviction .,False negative: other: $Aura
Gold_289,@USER ETF spot multi - aset untuk XRP SOL dan ADA bisa jadi pemicu inflow institusi terbesar ke altcoin sejak era ETF BTCETH langsung mengubah struktur permintaan dan potensi likuiditas di pasar . Akses institusi akan memperluas exposure ke altcoin dengan fundamental kuat sementara,False negative: other: ADA || False negative: other: BTCETH
Gold_316,Beli karena fear of missing out strategi yang mahal . Tenang dan tunggu momen . #BybitIndonesia #MemeCoin,False positive: cross-domain ambiguity: #MemeCoin
Gold_318,Tutorial Garap Testnet Pharos indonesian language Pharos L1 raised $8M lagi buka testnet . Aktivitas utama Swap Add Liquidity Staking Bridge kalau ada Tips konsisten harian perbanyak tx kecil simpan tx hash . Lebih awal lebih cuan HTTPURL,False positive: cross-domain ambiguity: Pharos || False positive: cross-domain ambiguity: Pharos
Gold_324,Apa yang kalian pikirkan ? ? Total pasokan sebesar 108 Juta Bulan Juni akan ada banyak project token dan coin yg gabung - 100 project Ayo segera joint di TT Exchange beli dan hold CTC Target harga ke $100  di Jun - Agt Link daftar HTTPURL,False positive: cross-domain ambiguity: Link
Gold_325,Ada yang jual koin reel short FB ? #zonauang,False positive: cross-domain ambiguity: FB
Gold_326,Harga crypto naik kpd hampir 7k dan saving sekitar 37k . income pjs makin stabil sjk 4 bln lps jg mempengaruhi,False positive: cross-domain ambiguity: pjs
Gold_337,Check out my #BTCUSDT analysis on @USER HTTPURL Ada dua kemungkinan di chart BTC TF 1H . Koreksi mungkin sudah selesai dan BTC bisa segera menguji area 110K kemungkinan hari ini atau minggu ini .,False negative: no slang/jargon context: #BTCUSDT
Gold_344,Hei ! Datang dan coba game Telegram populer ini ! WD Coin akan diluncurkan di berbagai platform dengan harga 5 dolar . Saya baru saja menerima 200 WD Coin secara gratis ! HTTPURL,False negative: other: WD Coin || False negative: other: WD Coin
Gold_354,Meta Earth telah melangkah sebagai bintang baru dalam dunia blockchain modular dengan perkembangan global yang pesat . Kejayaan ini menyaksikan lonjakan pemegang token kripto dan pembangun teruja dengan potensi ketidaktergantungan dan masa depan desentralisasi . Meta Earth kini,False positive: cross-domain ambiguity: Meta Earth || False positive: cross-domain ambiguity: Meta Earth
Gold_368,@USER AIRDROP MINING $TAO The Layer2 for Bittensor . Harga per 1 $TAO saat ini $373  Tugas Join Mining Pool - Klik HTTPURL - tap Join Mining Pool - Konek akun X atau twitter - Input EVM wallet address tap Join Mining Poll done ! @USER HTTPURL,False positive: cross-domain ambiguity: Bittensor
Gold_369,@USER @USER @USER Decoupling itu ketika harga Bitcoin bergerak independen dari pasar tradisional seperti saham atau komoditas . Saat ini Bitcoin tampak decouple karena stabil di sekitar $83  0 meski saham jatuh akibat ketegangan tarif AS - China . Ini menunjukkan Bitcoin matang sebagai lindung nilai,False positive: cross-domain ambiguity: Bitcoin || False positive: cross-domain ambiguity: Bitcoin
Gold_374,@USER Gw berencana tebar jala ke sebagian besar IPO . Tapi porsi masing2 berbeda . Ofc paling besar di $COIN $PSAT dan $CDIA masing2 serok 3 digit Bang ? Apa gimana ? Gw ada dana 120 juta cmn pengen all in CDIA saingannya gila2 banget . . . katanya dapat lot dikit .,False positive: cross-domain ambiguity: $PSAT
Gold_376,@USER hanya kebijakan trump yang bisa mempengaruhi harga crypto termasuk pi kalau Nikolas bisa mempengaruhi Trump secara 2 mata dan bisa menundukkannya niscaya ada angin segar buat Pi Network,False positive: cross-domain ambiguity: Trump
Gold_377,Dalam waktu 1 hari harga aset kripto HEDG sudah naik 169 . 61 loh ! Cek dan beli HEDG di HTTPURL #INDODAX #AsetMasaDepan #HEDG HTTPURL,False negative: other: HEDG || False negative: other: HEDG
Gold_380,CUAN 1153 12x lipat dari koin $KTA dalam waktu 2 bulanan . Di Grup VIP Kita cari profit dari altcoin buat nabung Bitcoin sebanyak - banyaknya . Kami bantuin cari koin potensial 1 - 100x lipat untuk member - member VIP Komunitas Kripto Jangan sampai kalian lewatkan Bull Run 2025 HTTPURL,False positive: cross-domain ambiguity: Bitcoin
Gold_381,Tau gak sih ? Cuma dalam waktu 25 hari harga aset kripto W3F naik 100 lho ! Buat kamu yang beli W3F senilai Rp1 . 0 . 0 di 12 April 2025 dan jual di 7 Mei 2025 kamu udah dapetin keuntungan 2x lipat dan uang kamu jadi Rp2 . 0 . 0 . Sebelum melakukan transaksi jual atau beli HTTPURL,False negative: other: W3F || False negative: other: W3F
Gold_389,$XRP FOMO Cycle Token . Harga naik bukan karena inovasi tapi karena illusion of hope . Banyak yang kejebak narasi bakal dipakai bank padahal adopsi riilnya minim . Setiap cycle XRP jadi magnet FOMO dan ujungnya ? Banyak yang nyangkut . 2017 The Birth of the Hype XRP,False positive: cross-domain ambiguity: Hype
Gold_395,Dunia crypto sekarang penuh kebisingan . Banyak yang mengejar cuan cepat tanpa tahu arah . Caiz hadir untuk mereka yang ingin tumbuh pelan tapi pasti dengan nilai bukan spekulasi .,False negative: other: Caiz
Gold_402,update dunia AI dan crypto 24 jam terakhir biar tetap up to date . gt $AERO baru launch economic model baru Predictive Allocation di EthCC9 eta Juli 2026 gt $ANIME pump 140 0 setelah Elon Musk post foto anime dan bitcoin gt Qwen3 . 5 - Omni rilis scaling up ke native HTTPURL,False positive: cross-domain ambiguity: pump || False positive: cross-domain ambiguity: Elon
Gold_422,Dalam dunia teknologi yang pantas bergerak kita sering terpaksa memilih antara peningkatan prestasi dan inovasi terkini . Nvidia nampaknya mendengarnya dengan pengumuman tentang RTX 5080 SUPER dan RTX 5070 SUPER yang kini dikatakan mempunyai konfigurasi memori yang,False positive: cross-domain ambiguity: Nvidia
Gold_423,Bitcoin Pizza Day menandai hari di mana BTC resmi dipakai sebagai alat tukar di dunia nyata . 22 Mei 2010 Laszlo Hanyecz beli 2 pizza dengan 10 . 0 BTC Waktu itu nilainya cuma sekitar $41  Hari ini ? Lebih dari $1  . 1 miliar Meskipun kelihatan mahal ini jadi titik HTTPURL,False positive: cross-domain ambiguity: Bitcoin
Gold_429,Contoh konkretnya SharpLink SBET NAV 1 . 0x Eksposur langsung ke ETH Dapet staking yield Potensi arbitrase regulasi Buat investor ini jadi alternatif lebih cuan dibanding ETF spot ETH .,False negative: other: SBET || False negative: other: SharpLink
Gold_443,Pi Cycle Top Indicator Jika garis 111DMA memotong ke atas garis 350DMA x2 biasanya dianggap sebagai tanda market top puncak siklus harga $BTC Artinya menurut Pi Cycle Top Indicator Belum ada tanda puncak siklus . Masih ada ruang naik sebelum euforia akhir terjadi . HTTPURL,False positive: cross-domain ambiguity: Pi || False positive: cross-domain ambiguity: Pi
Gold_456,Hei ! Datang dan coba game Telegram populer ini ! WD Coin akan diluncurkan di berbagai platform dengan harga 5 dolar . Saya baru saja menerima 200 WD Coin secara gratis ! HTTPURL,False negative: other: WD Coin || False negative: other: WD Coin
Gold_478,Market cap SampP 500 dan ini index satu negara . Dan ada aset yang namanya #Bitcoin yang bisa di beli seluruh dunia dan market cap nya masih 2T dolar . Kalian tidak terlambat untuk membeli Bitcoin . HTTPURL,False positive: cross-domain ambiguity: Bitcoin
Gold_479,$DOG memimpin lonjakan volume memecoin hari ini ! Meski market koreksi trader tetap berburu volatilitas . Memecoin high risk high adrenaline . #BybitIndonesia #Memecoin,False positive: cross-domain ambiguity: #Memecoin
Gold_492,NUMBER 4 FACT ABOUT CRYPTO Beli saat turun katanya . Masalahnya Turun terus gak pernah naik lagi Itu bukan dip itu lubang resesi pribadi . GM happy holidays yang JP $Mat Salam interaksi dan selamat beraktivitas @USER amp @USER HTTPURL,False positive: cross-domain ambiguity: $Mat
Gold_503,DOGVERSC butuh kawan buat terbang lebih tinggi Mau AMA bareng ? Airdrop collab ? Event hype bareng ? Let s make some noise together DM kami untuk yang mau kerja sama ! AMA Session Event bareng Community building Link grup HTTPURL #SolanaMemeCoins HTTPURL,False negative: other: DOGVERSC
Gold_504,$NGAYAL token meme dari yang mimpi beli $BTC di harga 1 juta . Kebangun langsung realita $60K #BybitIndonesia #NgayalCoin,False negative: other: $NGAYAL
Gold_515,Drama ini bikin kolaborasi xAI - Telegram jadi tanda tanya . Apakah deal ini bakal lanjut atau cuma gimmick ? Follow Menjadi Trader untuk update berita dan analisis dunia teknologi amp crypto yang to the point . Biar kamu makin paham makin cuan .,False positive: cross-domain ambiguity: xAI
Gold_533,borong token NIA gaes . Somnia turun tangan langsung buat invest . klik disini buat beli biar dapat bonus HTTPURL,False positive: cross-domain ambiguity: Somnia || False negative: other: NIA
Gold_536,ENA TF 4H Secara struktur masih sangat bearish namun sedang ada di support . TVL Token Value Lock tetap stabil namun harga terus turun . Secara produk keuangan ENA masih cukup oke . Data CMC ENA berada di TOP 62 sedangkan USDe Produk ENA berada di TOP 16 . Akankah ENA HTTPURL,False negative: other: ENA
Gold_547,@USER Good . semua project sidra start bekerja dengan bagus untuk memajukan proyeknya masing2 akan tetapi sidra sebagai coin L1 Masih belum berani memberikan harga membuat komunitas kecewa dan ini dibutuhkan keberanian dan keperxayaan diri atas proyeknya . ayo SDA tunjukan keberanianmu,False negative: other: sidra || False negative: other: sidra || False negative: other: SDA
Gold_561,BAGS ALERT ! Ada perusahaan di Nasdaq namanya $QMMM harganya tiba - tiba naik gila - gilaan 2 . 300 ! Kok bisa ? Mereka baru ngumumin mau beli Cryptocurrency senilai $100  Miliar Rupiah ! Coin yang dibeli #Bitcoin untuk store of value #Ethereum untuk smart contract amp AI HTTPURL,False positive: cross-domain ambiguity: $QMMM
Gold_565,@USER @USER trik airdrop scammer awal cuma like follow share lama2 minta beli ini itu terakhir dapatnya abu kayak LayerEdge apalagi akun yg dikit follower .,False negative: no slang/jargon context: LayerEdge
Gold_570,Bikin koin crypto #MBG yang harganya bukan pakai mekanisme pasar melainkan pakai standar harga satu hari MBG,False positive: cross-domain ambiguity: MBG
Gold_572,Kejamnya meme coin yang terindikasi permainan para whale atau pemilik modal pemula dengan modal kecil dengan harapan keuntungan besar akhirnya hampir copot jantungnya karena harga tiba tiba jatuh 95 . @USER #MakeSpaceGreatAgain #MSGA #Memecoin #crypto #Solana HTTPURL,False positive: cross-domain ambiguity: #Memecoin
Gold_579,Revolusi kecil bakal berlaku dalam dunia Bitcoin ! Penyelidik dari StarkWare dan Institut Weizmann telah memperkenalkan ColliderVM satu inovasi yang diharapkan dapat membuka jalan untuk aplikasi kontrak pintar yang lebih kompleks di dalam ekosistem Bitcoin . Dengan ini Bitcoin,False positive: cross-domain ambiguity: StarkWare
Gold_595,Dan sekarang sudah ada Koin2 yang namanya Xstock dimana koin ini di pegang 11 dg harga saham2 Us Secara real - time dan terbuka 24jam bukan 7jam lagi . Kalian sudah bisa membeli saham2 seperti xtesla xapple dll lewat Crypto . Yakin mau ninggalin Dunia Crypto ?,False negative: other: xtesla || False negative: other: xapple
Gold_601,BASED Token Splash LBank ! Trade BASED rebut $10  . 0 ! 3 cara cuan 1 Newbie Khusus user baru 2 Futures Trade buat reward 3 Referral Undang teman earn lebih Live sekarang ! Jangan lewatkan . HTTPURL HTTPURL,False negative: other: BASED || False negative: other: BASED
Gold_610,@USER Saya cuma untung dari BNB dan XRP sejak hold dari cycle yang lalu bang . Porto 70 di BNB lainnya masih rungkad,False negative: other: BNB
Gold_617,@USER ntr kalau aku udh beli sol . 4ce bakal kerumah aku ga ?,False positive: cross-domain ambiguity: sol
Gold_619,Contoh model bisnis lain RENDER Sebagai marketplace GPU cloud menghubungkan penyedia GPU dengan pengguna . 100 fee transaksi ke penyedia GPU . Protokol hanya untung dari kenaikan harga token . 1INCH 100 fee transaksi diambil oleh protokol .,False positive: cross-domain ambiguity: RENDER || False positive: cross-domain ambiguity: 1INCH
Gold_623,Dasar mantan kamu makin terbang saja . Sedih kali liat makin glow up . Mau balik lagi takut digebukin wkwkkw . Harus berguru dulu sama Bang Dojjun $BUVA $MINA $NICL $ENRG $COIN $TOBA $DKFT $INET,False positive: cross-domain ambiguity: $DKFT || False positive: cross-domain ambiguity: $BUVA || False positive: cross-domain ambiguity: $COIN || False positive: cross-domain ambiguity: $ENRG || False positive: cross-domain ambiguity: $INET || False positive: cross-domain ambiguity: $MINA || False positive: cross-domain ambiguity: $NICL || False positive: cross-domain ambiguity: $TOBA
Gold_624,@USER @USER Waspada neiro eth bli . Dailynya bullish div dah keliatan rsi 66 jg . Keknya besok terbang itu,False negative: other: neiro
Gold_627,Lalu selesaikan misi Social Task untuk mendapatkan point masih belum konfirmasi tapi sangat berpotensi untuk dapat cuan dari Airdrop Layer - 1 ini HTTPURL,False positive: cross-domain ambiguity: Layer
Gold_628,@USER kalo pake strat kaya gini selisih harga zora di bybit amp hyperliquid ngga beda jauh kah ? aman aja ya,False positive: cross-domain ambiguity: hyperliquid
Gold_630,. @USER sekarang udah terima deposit via Bitcoin ! Ini bullish banget karena makin banyak chain yang mulai support Prediction market . Meta ini sebenernya udah lama jalan dengan Polymarket jadi pemain utama . Tapi masih banyak project lain yang stay hidden di bawah HTTPURL,False positive: cross-domain ambiguity: Meta
Gold_643,Thread Cara Dapat USDT Gratis dari @USER 1 Mau dapet cuan USDT sambil bikin konten ringan di Twitter ? Spell Wallet lagi bagi - bagi hadiah $1  250 USDT buat para kreator ! Gampang banget cara ikutnya @USER,False positive: cross-domain ambiguity: Spell
Gold_648,@USER @USER @USER Kalau porto CC emang lebih lama holdnya bang Kadang sampe balik ke entry lagi gw juga bingung kenapa haha Tapi yg member ketika coin terbang udah diarahin TP dan moonbag bagi yang mau .,False positive: cross-domain ambiguity: CC
Gold_649,Sekarang Btc ke $103k sementara harga sui berada di $3  . 9 . Untuk Sui hodler kalian masih pada hold atau udah tp nih ? Like 1 $REP Repost 1 $REP Retweet 1 $REP Yuk saling gb biar jp bareng . Bantu follow auto folback @USER,False negative: other: $REP || False negative: other: $REP || False negative: other: $REP
Gold_650,@USER pecahkan rekor Jadi orang Tiongkok termuda yang terbang ke luar angkasa bareng Blue Origin NS - 34 . Dari kripto ke kosmos dia benar - benar gas pol #JustinSun #blueorigin HTTPURL,False positive: cross-domain ambiguity: #JustinSun
Gold_661,Dalam dunia kripto yang penuh dengan ketidakpastian pelbagai analisis mencadangkan bahawa peningkatan mendadak harga Bitcoin mungkin tidak akan berterusan . Walaupun terdapat permintaan yang kuat ketidakstabilan ekonomi global masih mengekang potensi kenaikannya melampaui,False positive: cross-domain ambiguity: Bitcoin
Gold_664,@USER Jika saya ada poin 1 juta dengan cv 10001 maka saya dapat 1000 koin ddai dengan supply 10b di perkirakan harga 0 . 2 saya dapat $2  ? lucu kah begitu,False negative: other: ddai
Gold_671,Sejak pekan lalu investor institusi semakin aktif membeli BTC . MicroStrategy membeli sebanyak 15 . 355 BTC yang setara dengan $1  65 miliar . Lalu terdapat Fidelity yang juga membeli BTC senilai $253  juta . Pembelian BTC melalui ETF juga meningkat . Data dari Farside memperlihatkan HTTPURL,False positive: cross-domain ambiguity: MicroStrategy
Gold_693,BREAKING Layanan Oracle Kini Gratis untuk Seluruh Builder di Hyperliquid RedStone bersama @USER menjalin kolaborasi untuk menyediakan akses gratis ke feed harga yang sudah tersedia bagi seluruh builder di HypeEVM milik @USER . Langkah ini menjadi upaya bersama HTTPURL,False positive: cross-domain ambiguity: Hyperliquid || False positive: cross-domain ambiguity: RedStone
Gold_696,5 . Komunitas juga nemuin bahwa Mantra pernah distribusi token ke investor lewat jalur OTC alias Over The Counter dan dijual dengan harga diskon sampai 50 . Jadi banyak investor bisa dapat token jauh lebih murah dari harga pasar .,False positive: cross-domain ambiguity: Mantra
Gold_701,Jangan Pernah Jual Bitcoin Lo ! Lah Emangnya Hidup Lo Siapa yang Atur ? Menurut gue ucapan kayak gitu tuh absurd banget . Tujuan orang investasi kan simpel mencari jalan agar bebas dari masalah finansial . Mau itu lewat Bitcoin altcoin saham atau apapun intinya orang,False positive: cross-domain ambiguity: Bitcoin
Gold_705,ZKWASM CandyDrop Spesial di HTTPURL Total 1 . 0 . 0 ZKWASM menanti untuk dibagikan kepada trader aktif ! Jangan lewatkan kesempatan ini ! Periode Event Mulai 22 Juli 2025 1910 WIB Berakhir 31 Juli 2025 2000 WIB Cara Dapatin HTTPURL,False negative: no slang/jargon context: ZKWASM
Gold_706,Yang join $SOON bukan cuma cari cuan tapi cari vibes bareng orang - orang gokil di ekosistem Solana Karena di crypto komunitas kuat project panjang umur,False positive: cross-domain ambiguity: Solana
Gold_707,@USER ambil 20k buat beli mie ayam sisanya masukin bitcoin . amannya pasar uang sama obligadi,False positive: cross-domain ambiguity: bitcoin
Gold_710,TENTANG PRORGAM Total Hadiah 9 500 LSK $5  0 Periode 2 bulan 21 Mei 19 Juli 2025 Airdrop Tanggal 20 Juni dan 20 Juli 2025 CARA IKUT PALING GAMPANG 1 . Beli IDRX di HTTPURL harus jaringan LISK 2 . Aktifin NUSA Points dengan Referral NUSA cari HTTPURL,False positive: cross-domain ambiguity: LISK || False negative: no slang/jargon context: LSK || False negative: no slang/jargon context: IDRX
Gold_716,Crypto yang potensi di hold 1 . Dogecoin DOGE Harga $0  1567 2 . Solana SOL Harga $116  75 3 . Cardano ADA Harga $0  6294 Analis memprediksi April 2025 sebagai awal fase bullish didorong oleh meningkatnya likuiditas global dan korelasi positif dengan kapitalisasi pasar kripto,False negative: other: ADA
Gold_722,JLP Loans Limitnya Ditambahin ! Tau gak guys kalau limit dari JLP loans sudah ditambah jadi total sekitar $150  Juta yang bisa kalian borrow dengan menjadikan token JLP kalian sebagai collateral loh ! Jadi kalian gak perlu jual JLP kalian untuk dapetin USDC Rugi dong ! Kenapa ? HTTPURL,False positive: cross-domain ambiguity: Loans || False positive: cross-domain ambiguity: loans || False negative: other: JLP || False negative: other: JLP
Gold_726,Kalo liat RSI amp MACD daily gak bijak harga BTC pump sekarang . Kalo pun pump gak akan tahan lama . Memang akan dahsyat krn mungkin ini pump terakhir . Kalo boleh milih lebih enak kalo dump dulu . Target MACD daily dibawah 0 . Setelah itu baru Pump pelan2 sampe Q4,False positive: cross-domain ambiguity: pump || False positive: cross-domain ambiguity: pump || False positive: cross-domain ambiguity: pump || False positive: cross-domain ambiguity: Pump
Gold_730,Tau gak sih ? Dalam waktu 32 hari harga aset kripto W3F naik 100 lho ! Buat kamu yang beli W3F senilai Rp1 . 0 . 0 di 7 Juni 2025 dan jual di 9 Juli 2025 kamu udah dapetin keuntungan 2x lipat dan uang kamu jadi Rp2 . 0 . 0 . Sebelum melakukan transaksi jual atau beli aset HTTPURL,False positive: cross-domain ambiguity: W3F || False positive: cross-domain ambiguity: W3F
Gold_731,@USER kalo yakin kenapa beli eth pake bot grid capt ? bukankah lebih cuan ketika dapat bottom jual di 5k ? kan kalo pake grid sesuai settingan jangka pendek kita,False positive: cross-domain ambiguity: eth
Gold_752,@USER Ga kaget soalnya itu Fidelity dan Blackrock aja barusan beli lagi bro BUIDL disana stacking banyak banget perusahaan gaming ada lagi 1billion Treasury untuk ETH BTC keluar outflow 640M sedangkan ETH malah inflow 70M bahkan @USER dengan analisanya percaya 8K - 12K,False positive: cross-domain ambiguity: ETH
Gold_758,Kaget banget ketika tahu harga paths dan fences bahkan yg koin saja progresif naik setiap kita beli . Pantes aja dekor farm yg bagus mahal banget .,False positive: cross-domain ambiguity: fences
Gold_760,@USER Kalau serok solana dan eth skrg masih boleh dok ? Tolong infonya,False positive: cross-domain ambiguity: eth
Gold_771,2018 Kripto apaan sih ? Nggak jelas . Haram . 2025 Beli $FROG karna Elon nge - like tweetnya 2045 ? ? ? ? ? ? ? ? Sungguh cepat dunia ini berputar,False positive: cross-domain ambiguity: Elon
Gold_775,@USER @USER Tidak realistis . Nilai GCV Pi Network $314  159 per koin membutuhkan kapitalisasi pasar lebih dari $6  kuadriliun melebihi ekonomi global . Harga saat ini hanya sekitar $0  65 menunjukkan valuasi didorong pasar bukan konsensus komunitas . Tim Pi Core tidak mendukung GCV ini fokus,False positive: cross-domain ambiguity: Pi Core
Gold_777,Dalam waktu 1 hari harga aset kripto BAL sudah naik 32 . 92 loh ! Cek dan beli BAL di HTTPURL #INDODAX #AsetMasaDepan #BAL HTTPURL,False negative: other: BAL || False negative: other: BAL
Gold_784,Orang yang sudah kasih ke orang lain sampai ratusan dollar Dan nggak pedulikan lu mau jual atau mau lu hold koin nya Nggak ngajak orang lain buat buy juga cuma like JUP doang . Dan lu bilang scammer karena lu nggak dapet akwkw lawak bet,False negative: other: JUP
Gold_787,Dah terbang melayang tukar bateri baru . Ehh skali tbaca pasal isu ip13 bateri kembung blh g tkar trx . Ada yg free . Ada yg siap dpt ganti tpon bru ehh .,False positive: cross-domain ambiguity: trx
Gold_789,Dibuat dari material terpilih dengan desain corak sporty bagian atas dari bahan sintetis lembut sol luar dari bahan sintetis untuk alas kokoh . Dapat digunakan di lapangan rumput atau sintetis . Cek harga HTTPURL HTTPURL,False positive: cross-domain ambiguity: sol
Gold_791,@USER Beli satu key di gelios pake wbtc jaringan arb saat itu harganya masih 4jutaann sekarang sudah 10jutaan keatas tapi ternyata proyek scam . Disitu masih belajar garap airdrop ikut saran king airdrop yunep tapigakmasalahanggapsajabiaya belajar danternyatadigantikandariBera Zora,False positive: cross-domain ambiguity: arb || False negative: no slang/jargon context: wbtc
Gold_799,Minggu ke - 19 Nicil Bitcoin ! Beli $BTC Rp250 . 0 30 Maret 2026 944 WIB Harga Rp1 . 153 . 951 . 219 Dapat 0 21665 $BTC Total Bitcoin Saat Ini 0 354955 $BTC #Bitcoin #DCA #CryptoID HTTPURL,False positive: cross-domain ambiguity: Bitcoin
Gold_809,Dulu dipuja sekarang dihina OM riwayatmu kini Apakah sama dengan Crash LUNA ? - - UTAS SINGKAT DALAM BAHASA BAYI - - Lagi rame koin MANTRA OM yang dalam SEMALAM crash 90 padahal OM adalah salah satu koin yang tahan banting ketika BTC dump . Usut punya usut ternyata supply,False negative: other: LUNA || False negative: other: OM
Gold_810,$BTC ATH $BTC terbang tinggi Saya cuma mau ngucapin selamat untuk yang udah bersabar selama ini . Jangan lupa take profit kalau dirasa cukup . Dan analisa yang saya bagikan valid dan terpenuhi ya bahwa $BTC akan ATH . But perjalanan kita masih panjang . $BTC on the way,False positive: cross-domain ambiguity: ATH
Gold_811,GM Pump and dump itu tidak akurat Bitcoin pump ke ATH 118 . 869 $ lalu turun di 117K . Sampai sini Bitcoin sudah naik 4 hari berturut - turut . RRP terus turun dan utang AS terus naik . Gosip Powell Resign itu abaikan saja pada dasarnya reputasi Trump semakin buruk jika Powell,False positive: cross-domain ambiguity: Bitcoin || False positive: cross-domain ambiguity: Trump
Gold_816,@USER Tiger AI hanya menurunkan harga CTC dan menguatkan nilai USDT .,False positive: cross-domain ambiguity: CTC
Gold_823,Kalau Kamu Trader Pemula . Langkah Pertamamu Adalah . . . A . Beli koin karena FOMO B . Belajar lewat video edukasi dulu Komen kamu pilih AB yuk #floqforfreedom #cryptomadeeasy #forfreedom #floqid HTTPURL,False positive: cross-domain ambiguity: #floqid
Gold_831,KABAR BURUK DARI EKOSISTEM SUI $HIPPO dan $LOFI yang masuk jajaran memecoin terbesar di ekosistem SUI mengalami hack . LPnya hilang dalam sekejap Holder semuanya rugi 75 hari ini Gaada yang bisa transaksi jual - beli HTTPURL,False positive: cross-domain ambiguity: SUI || False positive: cross-domain ambiguity: SUI
Gold_835,HOPPING FOR FINAL ALTSEASON LAST RALLY UP BEFORE BEAR MARKET MENURUT GUA SAAT INI ADALAH WAKTU YANG TEPAT UNTUK MULAI CICIL DAN AKUMULASI ALTCOIN KARENA JIKA DI LIHAT INDEX TOTAL 2 TOTAL 3 DXY amp BTC . D SAAT INI SUDAH MASUK AREA RESISTEN BESAR KEMUNGKINAN BUAT LAST RALLY UP HTTPURL,False positive: cross-domain ambiguity: BTC
Gold_836,@USER Beli yg di the cursed be sama di isle beginning itu yg bagus buat coin sama xp,False positive: cross-domain ambiguity: xp
Gold_842,Apakah mungkin kita akan melihat harga BTC saat ini adalah sebagai harga termurah di 5 tahun kedepan ? ini pandangan liar saya dengan menyamakan dari grafik NVIDIA dan posisi SampP pada saat itu . menurut saya sama persis seperti grafik BTC dan TOTAL3 saat ini . HTTPURL,False positive: cross-domain ambiguity: NVIDIA
Gold_845,@USER Ih maap anying lagi mikirin list moots lo yang chaos ini . Berdasarkan tweet amp interaksi lo bnyk curhat tesis kpop PC hunt F1 hype ini top 10 moots gue tebak rank by frekuensi replymention . Bisa salah data terbatas ! 1 . @USER - PC trade amp collect vibes lo sering,False positive: cross-domain ambiguity: hunt
Gold_847,Hallo Teman - teman Setah sukses menyelenggarakan Sui Community Meet up di Palembang berkolaborasi dengan @USER dan Sui Community Meet up di Purwokerto dengan @USER amp Crypto Indo Ngapak Kini Sui Community Meet Up berkolaborasi dengan @USER amp @USER HTTPURL,False positive: cross-domain ambiguity: Sui || False positive: cross-domain ambiguity: Sui || False positive: cross-domain ambiguity: Sui
Gold_850,Wah akhirnya Bitcoin balik lagi ke level $110  0 ! Ini kabar yang bikin geger di dunia kripto . Naiknya harga Bitcoin ke angka segitu bikin banyak orang optimis kalau pasar kripto bakal makin menggairahkan . Tapi ingat harga super fluktuatif jadi jangan gampang kebawa euforia .,False positive: cross-domain ambiguity: super
Gold_851,Ada garapan baru seperti CTC tantin kita hanya registrasi dan KYC untuk dapatkan 100 coin cextor gratis Link registrasi HTTPURL Ayo dapatkan coin sebanyak banyaknya dengan memperbanyak refferal Salam cuan bersama,False negative: other: cextor
Gold_852,$Doge adalah raja koin meme . Harga telah terakumulasi dengan baik di zona dukungan . ada sinyal pembalikan . apakah kamu sudah membelinya ? #Meme #crypto HTTPURL,False positive: cross-domain ambiguity: #Meme
Gold_862,Harga Pi Coin Bertahan $0  345 Investor Sorak - Sorai Masih Ada Harapan ! HTTPURL HTTPURL,Boundary error (FP side): Pi Coin || Boundary error (FN side): Pi
Gold_864,Bismilah semoga ada kabar baik bsok pagi misal si token k harga nya jadi $35 ,False negative: other: k
Gold_872,@USER Mending fokus cari dananya . bid usdc ke mcap gede mostly sol . kalo udah mulai ke arah token cabut dan pasang spot diatas harga awal bid sambil nunggu bullrun lagi . stress free earn fee .,False positive: cross-domain ambiguity: sol
Gold_876,Secara historis whale accumulation atau akumulasi besar di harga rendah sering jadi sinyal pasar bullish . Tapi di sisi lain tindakan serupa juga bisa digunakan untuk manipulasi pasar bikin hype palsu buat panen profit . #CryptoFeeds #WhaleBuy #BitcoinWhale #BullRunSignal HTTPURL,False positive: cross-domain ambiguity: #BitcoinWhale
Gold_877,- sol info beli surat dokter di wonogiri atau solo dong,False positive: cross-domain ambiguity: sol
Gold_883,@USER Agustus 2025 bakal jadi bulan panas buat market kripto terutama dengan Coinfest Asia di Bali dan event global kayak ETHGlobal NY . Acara besar ini biasanya dorong volatilitas dan volume jadi momen swing trading bisa muncul terutama di token Layer 2 dan proyek tokenisasi aset .,False positive: cross-domain ambiguity: Layer
Gold_893,Semoga kejemput yallah udah kapok plexing an beli banyak di altcoin rungkat gw Teruntuk @USER kau airdrop yang ku harapkan dengan stake 1ETH malah dapet reward nya kek jahanam kali padahal gw beli $ETH kemarin di 3300 $ @USER,False negative: no slang/jargon context: 1ETH
Gold_898,Cuan dari Unich Airdrop ? Dapatkan Token $UN Gratis ! To The moon Unich HTTPURL,False negative: other: Unich || False negative: other: Unich
Gold_902,Bitcoin harganya 1 3 miliar rupiah . Kalau nggak punya uang sebanyak itu buat beli kalian bisa ikutan airdrop di layer insentif bitcoin nya . Contohnya airdrop $TAKER Cobain HTTPURL Tasknya gampang banget . Cukup connect wallet terus activate mining per 24 jam HTTPURL,False negative: other: $TAKER
Gold_904,Kita lanjutkan dengan analisis dampak dari kesalahan logika Elon Musk terhadap pasar geopolitik dan masyarakat digital disusun secara sistemik agar dapat diacu dalam pengambilan keputusan strategis I . Dampak Terhadap Pasar 1 . Volatilitas Pasar karena Ucapan Pribadi Contoh,False positive: cross-domain ambiguity: Elon
Gold_910,@USER Crypto lucu - lucu yang cuan itu nyata Contohnya ? $KOKOK 41M MC dan siap ledak HTTPURL #KOKOK,False negative: other: $KOKOK || False negative: other: #KOKOK
Gold_913,@USER bg menurut lu koin2 yg terbang di akhir tahun lalu apa bakal bisa lg balik ke harganya ? dan menurut lu yg paling potensi selain eth koin apa ya ?,False positive: cross-domain ambiguity: eth
Gold_915,Gas yg blm tinggal 5 hari potensi JP Exchange baru harga listing $2  . 43 . Free 50 Coin Register HTTPURL Submit Email Submit ETH Address Complete Task Claim amp Done #crypto #cryptoairdrop #airdropcrypto #airdrop HTTPURL,False positive: cross-domain ambiguity: ETH
Gold_918,Hi Fams ! Dunia NFT emang penuh istilah unik yang kadang bikin kita garuk - garuk kepala Tapi tenang aja kita bantu kamu pahamin satu per satu ! Di part kali ini kita bahas istilah seperti 1 Rekt 2 Yield Farming 3 Dutch Auction 4 Nonce 5 Gwei Semua istilah ini HTTPURL,False positive: cross-domain ambiguity: Rekt
Gold_920,Metaplanet capai 5 . 0 BTC makin agresif dalam strategi crypto Perusahaan Jepang Metaplanet kembali membeli 145 BTC sehingga total kepemilikannya kini mencapai 5 . 0 BTCdengan harga rata - rata sekitar 85 . 600 USD per koin . Dengan harga Bitcoin saat ini di kisaran 92 . 400 USD HTTPURL,False positive: cross-domain ambiguity: BTCdengan
Gold_923,@USER Pakai Jupiter sih Kenapa ? karena Jupiter itu andalan banget buat swap token dengan rate terbaik . Cepat murah dan selalu update harga real - time dari berbagai DEX . @USER @USER #AplikasiPintu #PintuGiveaway #PintuWeb3 #AllinOneCryptoApp,False positive: cross-domain ambiguity: Jupiter || False positive: cross-domain ambiguity: Jupiter
Gold_925,Tips hunting Airdrop Funding besar udah gak menjamin . Top backer juga udah gak menjamin . Malah harus skeptis project yg raise gt $100m kalo gak sesuai dg tech stack use case utility . Banyak yg fake funding Manipulasi cashgrab etc . udah hal biasa . . Ketika,False positive: cross-domain ambiguity: dg
Gold_927,@USER @USER Sama - sama ! Harga Ethereum saat ini sekitar $3  550 USD . Masih ada waktu hingga 20 Juli pukul 1601 GMT untuk mencapai $4  0 . Semoga beruntung !,False positive: cross-domain ambiguity: GMT
Gold_928,"Nekat beli $eth 90juta di harga $1,500  disaat semua pada ngefud Semoga tahun ini bisa at least ke $4,000  gausah new ATH mendekati ATH aja udah gua TP nih barang HTTPURL",False positive: cross-domain ambiguity: ATH
Gold_930,Gak tau kenapa rasanya dunia crypto ga seseru dulu lagi cuan dari memecoin memang enak . . Tapi lambat laun smua terasa membosankan . . Seperti ada sesuatu yg hilang dari dunia crypto . . . We need it back or this market will die forever #fundamental #crypto #memecoin #ALTSEASON #btc,False positive: cross-domain ambiguity: #btc || False positive: cross-domain ambiguity: #memecoin
Gold_935,BTSE Price Prediction $50  dibagi untuk 10 pemenang each $5  Follow @USER dan @USER RT Like amp Tag teman Join BTSE Telegram Indonesia HTTPURL Tebak Harga Token BTSE pada 25 April 2025 10 pemenang diumumkan setelah 27 April 2025 HTTPURL,False negative: other: BTSE || False negative: other: BTSE || False negative: other: BTSE
Gold_945,Buat yang sering degen di SOL coba claim di link ini HTTPURL Itung itung buat beli kopi biar ga stres trading terus #degen #memecoin,False positive: cross-domain ambiguity: SOL || False positive: cross-domain ambiguity: #degen || False positive: cross-domain ambiguity: #memecoin
Gold_946,Apa aja sih contoh Web3 ? DeFi sistem keuangan tanpa bank Uniswap Aave NFT sertifikat digital untuk seni tiket dll GameFi main game bisa cuan Axie Sandbox DAO organisasi tanpa bos berbasis voting Dompet digital kayak MetaMask trust wallet dll,False positive: cross-domain ambiguity: Axie || False positive: cross-domain ambiguity: trust wallet
Gold_950,OpenLoop bukan proyek yang nyuruh kamu beli antena mahal . OpenLoop nyuruh kamu jadi bagian dari jaringan pake apa yang udah kamu punya . WiFi ? Ada . Akun X ? Ada . Modal besar ? Gak perlu . Ini DePIN yang bisa diikutin siapa aja . @USER $OPL #OpenLoop,False negative: no slang/jargon context: #OpenLoop
Gold_952,@USER Pecat mah pecat aja daripada ky eth atau di Mateo abis juara dipertahankan malah makin nyungsep padahal sepanjang musim sebelumnya udah ga jelas bgt,False positive: cross-domain ambiguity: eth
Gold_959,Bisakah aku mendapatkan gWarden ? Flappy Yapy sudah hadir di Warden App ! ! Tap untuk terbang kumpulin fart coin dan hindari rintangan . Konyol tapi bikin nagih Tunggu apa lagi gas mainkan . . HTTPURL HTTPURL,False negative: other: fart coin
Gold_961,Tadi beli Chiki Balls yang ada gambar Luffy dan dapet coinnya Luffy temen gw kemarin beli gambar Zoro dapetnya coin Zoro . HTTPURL,False positive: cross-domain ambiguity: Zoro
Gold_965,BOT AI INI BISA CARIIN CUAN DI CRYPTO SECARA OTOMATIS ? ! Gak pake ngoding gak perlu ngerti DeFi rumit ! Gue nemu proyek gokil di blockchain SUI namanya @USER Pakai AI buat nyariin cuan auto rebalancing sampe staking ! Gue bahas lengkap di thread ini . Gas ! HTTPURL,False positive: cross-domain ambiguity: SUI
Gold_971,Merahnya seperti darah qurban tapi semoga habis ini mantul dengan beberap hasil TA gua . 1 . Btc berada di support FVG Weekly 2 . TOTAL 3 berada di bullish pennant Gua beli beberapa koin SOL PONKE dan HYPE Kita lihat nanti,False negative: other: HYPE || False negative: other: PONKE
Gold_974,Mau mulai investasi beli crypto bitcoin atau altcoin ? Kamu bisa bikin akun di Reku pake kode referal @USER pake @ buat dapetin hadiah menarik ! Yg mau tanya2 soal investasi boleh banget reply atau langsung DM referral code saham bibit ajaib pluang superbank pintu,False positive: cross-domain ambiguity: bitcoin
Gold_981,@USER Siklus lingkaran setan MU . . . Pecat ETH nyisain pemain bekas ETH Amorim masuk Pemain bekas ETH ga kepake beli pemain baru kemauan Amorim . . Pecat Amorim Nyisain pemain bekas Amorim Next Pelatih baru masuk pemain bekas Amorim ga kepake beli pemain baru lagi Gitu aja trus,False positive: cross-domain ambiguity: ETH || False positive: cross-domain ambiguity: ETH || False positive: cross-domain ambiguity: ETH
Gold_988,Hei ! Datang dan coba game Telegram populer ini ! WD Coin akan diluncurkan di berbagai platform dengan harga 5 dolar . Saya baru saja menerima 200 WD Coin secara gratis ! HTTPURL,Boundary error (FP side): WD || False negative: other: WD Coin || Boundary error (FN side): WD Coin
Gold_1006,gokillll lagi ada promo mantep masa BNB promo nya up to 55 borong gak siii ? ? ? ? kalo pada mampir ke PRJ mesti mampir ke ke booth BNB sih dan kapan lagi personal analysis bisa GRATIS ? mending kalian cek promonya atau dateng langsung ke PRJ deh HTTPURL,False positive: cross-domain ambiguity: BNB || False positive: cross-domain ambiguity: BNB
Gold_1008,Apa itu Bull Run ? Bull run adalah kondisi pasar saat harga - harga aset seperti Bitcoin amp altcoin naik terus dalam waktu lama . Investor panik beli FOMO dan semua orang terlihat cuan . Ciri - cirinya Harga naik tajam Sentimen positif Banyak project hype HTTPURL,False positive: cross-domain ambiguity: Bitcoin
Gold_1009,Skenario #BTC yang sedang terjadi saat ini adalah koreksi untuk mengisi area Fear Value Gap FVG selanjut nya sebelum melanjutkan naik lebih tinggi lagi . hmmmm . . . bagaimana menurut kalian ? mari berkomentar . . . Dont FOMO ! Always DYOR ! #BTCUSDT #CryptoMarket HTTPURL,False negative: other: #BTCUSDT
Gold_1010,@USER iya kalau yg versi itu keknya pemain lokal kalau yg bitcoin pemain scammer luar anyway warga asli HK aja bilang kt apply visa ke china dengan harga segitu mahal ! ! padahal biaya hidup disana aja lebih mahal HTTPURL,False positive: cross-domain ambiguity: bitcoin
Gold_1020,Bitcoin dan pasaran kripto sentiasa bergerak tanpa henti . Jika kita perhatikan terkini Bitcoin yang biasanya bangga dengan kecairan 247 menjadi pedang bermata dua . Ketika pasaran tradisional bercuti Bitcoin nampaknya tidak kisah akan masa rehat . Kecairannya yang tinggi,False positive: cross-domain ambiguity: Bitcoin
Gold_1028,#Fartcoin lagi trending nih Kita kulik dulu kelebihannya nih Buat yang belum tau #Fartcoin lahir dari eksperimen AI Fartcoin hadir di Solana dengan fitur super unik dan kelebihan Transaksi cepat amp biaya rendah Suara kentut di setiap transaksi Distribusi,False positive: cross-domain ambiguity: Solana
Gold_1029,@USER Iya sih waktu gatau ngapa ngapain kuliah juga online karena covid lewat tuh dengan sendirinya di youtubku cara cuan dengan cepat dari crypto wkwk masih ingat banget dulu beli ADA cardano soalnya si Charles terkenal kali dulu eh profit jadi keterusan sampe sekarang,False negative: other: ADA
Gold_1034,@USER Burning Fee Ethereum udah punya sistem di mana sebagian biaya transaksi dibakar EIP - 1559 . Supply makin dikit potensi harga naik makin besar . Update Terus Tim Ethereum terus ngembangin jaringannya . Upgrade kayak Shanghai amp Dencun bikin sistem makin cepat dan efisien .,False positive: cross-domain ambiguity: Ethereum
Gold_1042,Overtake bukan sekadar game balap . Ini adalah ekosistem Web3 racing dengan real utility . Sekarang mereka bagi - bagi token $take via airdrop Simpel daftar main kumpulin poin dapet reward . Early joiner potensi cuan besar . @USER event yapp on kaito HTTPURL,False positive: cross-domain ambiguity: kaito
Gold_1048,Dalam penawaran umum perdana sahamnya $COIN menawarkan 2 . 205 . 882 . 400 saham bernilai nominal Rp100 per saham atau 15 dari modal ditempatkan amp disetor penuh setelah penawaran umum . Dengan harga penawaran Rp100 per saham $COIN memperoleh dana Rp220 . 588 . 240 . 0 . #IPO HTTPURL,False positive: cross-domain ambiguity: $COIN || False positive: cross-domain ambiguity: $COIN
Gold_1064,@USER @USER Pernah di phantom swap token micin ke sol tapi di alihkan ke token lain yang ga bisa di jual Kalo itu bukan Malware ya bang,False negative: other: micin
Gold_1066,"Banyak sekali yang ngaku ngaku sebagai bjorka dan dia bocor kan data dan di jual seharga $1,000  USDT #bjorka #indonesia HTTPURL",False positive: cross-domain ambiguity: #bjorka
Gold_1085,Emas Digital Sudah Hadir ! XAUT Tether Gold resmi listing di AscendEX ! Stabil kayak emas fleksibel kayak crypto ! Trading mulai 17 Oktober 1000 AM UTC Awas FOMO peluang cuan dari emas digital sudah di depan mata !,False positive: cross-domain ambiguity: Tether Gold
Gold_1095,Fase baru dimulai token InterLink kembali ke wallet pengguna Kini harga jadi sorotan . Namun tanpa intervensi tim pasar akan bergerak alami . Nilai fundamental dan adopsi akan menentukan arah . #InterLink #ITLG #ITL HTTPURL,False negative: other: InterLink
Gold_1100,@USER @USER @USER Harga rumah di planet sudah naik luar biasa kami pioner mengharpan untuk kenaikan koin pistar di buru pada permainan minion dan solider . Mohon untuk dikaji ulang,False negative: other: pistar
Gold_1111,The war is coming ! 2 HARI LAGI Tron Ares hadir di bioskop . Beli tiketnya dan rasakan langsung intensitasnya di layar lebar . HTTPURL,False positive: cross-domain ambiguity: Tron
Gold_1112,Staking APEX Makin Ganda Cuan ! Selain trading staking $APEX di ApeX Protocol sekarang makin mantap ! Di versi 4 . 5 ini hasil buyback $APEX nggak cuma dibagiin gitu aja tapi dipasangkan dengan USDT jadi APEX - USDT LP Token di Arbitrum ! Jadi kamu bisa dapet dua kali cuan dari HTTPURL,False positive: cross-domain ambiguity: ApeX || False positive: cross-domain ambiguity: Arbitrum
Gold_1114,$PENGU naik 240 dalam 30 hari ! Mau ikutan cuan dari token Abstract ? Trading $PENGU sekarang di CoinEx ! HTTPURL #CoinEx #PENGU #Altcoin,False positive: cross-domain ambiguity: CoinEx || False positive: cross-domain ambiguity: #CoinEx
Gold_1122,Token $HYPE terus unjuk gigi . Sekarang HYPE resmi jadi aset staking terbesar ke - 5 berdasarkan market cap . $ADA sudah dilewati . Target berikutnya ? $BNB . Apa artinya ? Kekuatan komunitas HYPE adopsi cepat bikin token ini makin diminati untuk staking . HTTPURL,False negative: other: HYPE
Gold_1128,@USER Mobil bisa dicetak semaunya sama seperti Fiat supply rumah memang bisa ditambah namun supply tanah ga bisa sama kek bitcoin . Apalagi punya rumah ditempat strategis seperti beli bitcoin di tahun 2009,False positive: cross-domain ambiguity: bitcoin
Gold_1147,Sesuai Prediksi aku Link lepas landas Koreksi ini koreksi indikasi Whales Take profit aku sdh dulu take profit Alhamdulilah pergerkan whales itu bsa di baca baik secara bid order maupun secara teknikal analisis jgn melawan arus . whales entry kita juga entry koin naik HTTPURL,False negative: other: Link
Gold_1149,Caption Video 2 Harga dipengaruhi oleh banyak faktor bukan hanya hype . Adopsi dan fundamental tetap jadi kunci . #InterLink #ITLG #ITL HTTPURL,False negative: no slang/jargon context: #ITLG || False negative: no slang/jargon context: #InterLink
Gold_1163,WAKTUNYA MASUK ? Grafik Stablecoin Ratio Channel SRC lagi nunjukin sinyal historis kuat ! Indikator mendekati zona rendah titik - titik ini sebelumnya selalu jadi momen emas buat beli sebelum market naik Sentimen masih sepi tapi datanya bilang Inilah saat terbaik HTTPURL,False positive: cross-domain ambiguity: SRC
Gold_1167,@USER Kota gausah buka nder biar isi koranmu gak ampas Tambang lumayan sih soalnya bisa dapet dm dari sana . Kalo saranku beli mesinnya aja dulu bijihnya banyak yang jual di koran kalo perak emas sama batu bara . Pesanan batangan tuh lumayan sering diminta truk koin xp nya lumayan -,False positive: cross-domain ambiguity: xp
Gold_1170,Cara membeli meme coin di Solana ? Ya pakai @USER aja guys ! Visit HTTPURL dan beli meme coin pertama mu sekarang HTTPURL,False positive: cross-domain ambiguity: Solana
Gold_1179,@USER GTC saat ini menunjukkan momentum bullish yang solid didorong lonjakan volume open interest dan sentimen komunitas yang menguat terutama setelah aktivitas forum dan pelaporan ekosistem yang aktif . Namun harga sudah mendekati resistance $0  . 54 jadi peluang konsolidasi atau,False negative: other: GTC
Gold_1194,@USER Gwe suruh ponakan saya nyoba testnet monad pama faucet sana sinih trus gwe suruh beli token yang saya buat di nadfun habis tuh saya rug mantap min dapat mon banyak efek gx dpt THR irl,False negative: other: faucet || False negative: other: pama
Gold_1200,@USER Give away kah ini ? Aku pemancing perintis kmren abis beli astral ampe puyeng ngumpulin koin dari lava . Dgn harap mancing pake astar biar lebih gacor tau tau wish me luck,False positive: cross-domain ambiguity: astar
Gold_1208,wkwkwk ini lucu tp rodo brengsek board e pemain pada keluar tp beli pengganti ga sepadan trs yg disalahin pelatih sebusuk2nya eth juga ttp butuh waktu coy,False positive: cross-domain ambiguity: eth
Gold_1211,@USER @USER yg dapat ribuan bahkan ratusan ribu itu pas awal bridge disitu rate nya masih dapat banyak monal per eth sepo terus mereka serok molandak yaki dan chog pas early jadi wajar dapat banyak .,False negative: other: monal || False negative: other: chog || False negative: other: yaki || False negative: other: molandak
Gold_1212,@USER @USER @USER @USER tapi hold coin itu pun ga akan lama target back ke harga pas desember 2024 aja after itu ya untuk amanin pasti move ke btc atau altcoin yang lebih safe semoga memungkinkan . dulu saat luna crash pun sol sempet under $10  siapa tau aja salah 1 koin yang di hold bisa begitu,False negative: other: luna
Gold_1243,@USER wkkwkwkw kripto ga jelas san maverick2 gt namanya tapi ini nvidia rungkad juga hari ini,False positive: cross-domain ambiguity: nvidia
Gold_1247,@USER Waduh kalo gitu mesti cari cuan dulu di PMS Pedagang Micin Solana,False positive: cross-domain ambiguity: Solana
Gold_1271,Dalam waktu 1 hari harga aset kripto POLY sudah naik 170 . 17 loh ! Cek dan beli POLY di HTTPURL #INDODAX #AsetMasaDepan HTTPURL,False negative: other: POLY
Gold_1274,@USER 6 Tokenized Stocks are Coming COINBASE amp Robinhood lagi ngetes fitur tokenized U . S . stocks . Kamu bisa beli saham kayak Apple atau Tesla versi crypto 247 tanpa batasan negara . @USER launching 200 tokenized stocks di Eropa @USER udah daftarin ke SEC HTTPURL,False positive: cross-domain ambiguity: Tesla
Gold_1277,Ramalan Gila Tom Lee ! Ethereum diprediksi bisa tembus USD 15 . 0 di akhir 2025 . Optimisme ini lahir dari masuknya modal institusional lewat ETF adopsi stablecoin amp tokenisasi hingga imbal hasil staking di jaringan ETH . Skenario harga yang dipetakan HTTPURL,False positive: cross-domain ambiguity: ETH
Gold_1281,Yang menentukan harga bukan hype tapi adoption utility dan trust . Tanpa intervensi tim market InterLink akan terbentuk secara natural . Dan itu justru menarik . This is where real value begins . #interlink #ITLG #ITL HTTPURL,False negative: other: #interlink || False negative: other: #ITL || False negative: other: #ITLG || False negative: other: InterLink
Gold_1287,@USER @USER Kita ritelmah Ikutin uang lagi kemana aja bang jangan beda sendiri wkwkwkwk Lagi pada di bsc gas terjun wkwk Ntar nobember akhir baru ke solana lagii,False positive: cross-domain ambiguity: solana
Gold_1296,@USER @USER Trump kenapa ? Mungkin karena kebijakan kriptonya kayak cadangan bitcoin strategis di Maret 2025 nggak sesuai harapan trader . Harga bitcoin malah turun jadi banyak yang ngeledek dia di - gocek . Padahal dia mau AS jadi ibu kota kripto tapi pasar reaksinya beda . HTTPURL,False positive: cross-domain ambiguity: bitcoin
Gold_1299,Meta airdrop sekarang adalah Yapping . . Suka gk suka ya lu gk bisa nentuin metanya gmn . Udah cukup lah kemarin2 di hajar alpha sekarang waktu yg tepat buat ngoceh . . dan nge yapping tiap hari . $FAPs @USER #Yapping #yapper #Yap #bacod #Airdrop HTTPURL,False positive: cross-domain ambiguity: Meta
Gold_1301,Dalam waktu 1 hari harga aset kripto NEON sudah naik 39 . 52 loh ! Cek dan beli NEON di HTTPURL #INDODAX #AsetMasaDepan #NEON HTTPURL,False negative: other: NEON || False negative: other: NEON
Gold_1306,@USER $PI tolong nicollas dan chengdiofan migrasikan koin pioner yang sudah menambang pi network . saya nambang sudah hampir 2 tahun masa yang baru di migrasikan cuma 7 koin . kalau dijual buat beli paket internet 1 bulan juga ga cukup .,Boundary error (FP side): pi network || Boundary error (FN side): pi
Gold_1313,Di dunia NFT Doodles mendapat perhatian serius apabila jualannya melonjak 97 dalam masa 24 jam ! Dengan nilai jualan mencapai $1  . 1 juta kesemua ini berlaku menjelang pelancaran airdrop token DOOD . Ini bukan sahaja mencerminkan peningkatan minat mendadak tetapi juga memberi,False negative: other: DOOD
Gold_1315,@USER Take profit bukan take picture blokk lu jual itu coin langsung junam liquidity setipis tisu berarti lu cabalnya,False positive: cross-domain ambiguity: blokk
Gold_1329,Yuk cek aset yang terkoreksi di minggu ini . Dalam waktu 58 hari harga aset kripto CYBER mengalami koreksi sebanyak 50 . Ini saat yang tepat untuk jual atau beli ya ? Sebelum melakukan transaksi jual atau beli aset kripto selalu lakukan riset DYOR untuk mengetahui segala HTTPURL,False negative: other: CYBER
Gold_1333,Dalam waktu 1 hari harga aset kripto CNG sudah naik 11 . 93 loh ! Cek dan beli CNG di HTTPURL #INDODAX #AsetMasaDepan #CNG HTTPURL,False negative: other: CNG || False negative: other: CNG
Gold_1337,30 istilah degen trader yang wajib kalian ketahui Degen Trader nekat all - in tanpa mikir panjang Ape In Masuk tanpa riset cuma ikut hype Bagholder Nyangkut di harga atas WAGMI We All Gonna Make It NGMI Not Gonna Make It FOMO Takut ketinggalan pump FUD HTTPURL,False positive: cross-domain ambiguity: degen || False positive: cross-domain ambiguity: Degen
Gold_1338,FTX mulai distribusi $5  miliar ke kreditur pada 30 Mei . Pembayaran berdasarkan nilai aset kripto saat kebangkrutan 2022 bukan harga saat ini . Beberapa kreditur merasa kehilangan potensi keuntungan . #CryptoNews #CryptoRadar #CryptoRadarNews HTTPURL,False positive: cross-domain ambiguity: FTX
Gold_1340,ANALISIS HARGA TOKEN INTERLINK FASE SELANJUTNYA PENDAHULUAN Proses pengembalian token ke dompet pengguna membuat harga menjadi topik bahasan utama . Hal ini wajar mengingat pasar kripto terbuka dengan beragam pandangan . #InterLink #ITLG #ITL HTTPURL,False negative: other: #ITLG
Gold_1343,OpenLoop mengubah bandwidth jadi gaji pasif yang diam - diam mengalir Nggak perlu staking nggak perlu klik cukup tetap online Mereka dulu ngetawain waktu gue pasang node Sekarang mereka cuma bisa lihat gue cuan sambil token mereka nunggu dipompa @USER $OPL #openloop HTTPURL,False negative: other: #openloop
Gold_1352,Harga BTC saat ini jauh di bawah proyeksi historis dari siklus 2012 2016 dan 2020 jika disesuaikan skalanya . Jika pola lama masih relevan fase vertikal bull run utama bisa saja masih di depan bukan di belakang . #Bitcoin #HalvingCycle #BTCUpdate HTTPURL,False positive: cross-domain ambiguity: #Bitcoin
Gold_1359,$FET Market Outlook narasi AI saat ini mulai kembali naik ada banyak token AI yang pump FET ini juga sudah membentuk Higher High yang memvalidasi terjadinya reversal . Bisa beli ketika membentuk Higher low atau mau cicil dari sekarang cukup oke . Target terdekat di $1  HTTPURL,False positive: cross-domain ambiguity: pump
Gold_1367,BREAKING Emas $XAU baru saja mencatat penurunan mingguan terbesar sejak 1983 . Jika tekanan jual berlanjut bukan tidak mungkin harga Emas bergerak di kisaran $3  . 800 - 3 . 0 . Sejarah memang tidak selalu berulang tapi sering berima . Perlu diingat uang di market tidak pernah HTTPURL,False positive: cross-domain ambiguity: $XAU
Gold_1370,Staking APEX Makin Ganda Cuan ! Selain trading staking $APEX di ApeX Protocol sekarang makin mantap ! Di versi 4 . 5 yang akan datang hasil buyback $APEX nggak cuma dibagiin gitu aja tapi dipasangkan dengan USDT jadi APEX - USDT LP Token di Arbitrum ! Jadi kamu bisa dapet dua HTTPURL,False positive: cross-domain ambiguity: ApeX || False positive: cross-domain ambiguity: Arbitrum
Gold_1374,17 Selamat Datang di Neo ! Neo adalah platform blockchain yang menawarkan skalabilitas tinggi keamanan dan kompatibilitas dengan bahasa pemrograman utama . Dikenal sebagai Ethereum of China Neo mendukung pengembangan dApps DeFi dan NFT . Mulai perjalanan Anda di Web3 dengan HTTPURL,False positive: cross-domain ambiguity: Neo || False positive: cross-domain ambiguity: Neo
Gold_1382,@USER @USER @USER Makanya tetap mainlah sambil cari cuan ! Dengan #SparkChainAI kamu bisa dapat SOL dari bandwidth internet yang tidak terpakai . Jadi fun amp profitable !,False negative: other: SOL
Gold_1388,2025 itu emang tahun ampas airdrop jrg ada yg cair sklinya cair cm worth $2  harga btc amp alt pun nyungsep mulu . cm garap 1 airdrop aja skrg udh 1 thn 4 bulan tp blum ada info TGE kapan total supply brpa pun ga dkasih tau,False positive: cross-domain ambiguity: btc
Gold_1389,@USER @USER Maaf kalau penjelasan sebelumnya kurang jelas . Infinite money hack di gambar itu cuma swap 5000 USDT jadi 5003 . 2 USDC mungkin karena selisih harga sementara di crypto exchange . Tapi gak infinite ada biaya gas Ethereum yang mahal risiko harga berubah dan gak bisa diulang,False positive: cross-domain ambiguity: Ethereum
Gold_1394,@USER @USER @USER Ada yg aneh dgn Doris Yin . . . yg heboh dengan harga Pi di Bursa . . . Dengan ketakutannya krn harganya anjlok . . . Padahal Pi tdk diperjualbelikan kerjasama dengan Bursa spy ke depannya Pioneer bisa beli Aset Crypto BTCETH bukan malah menjualnya HTTPURL,False negative: other: BTCETH
Gold_1398,Tau gak sih ? Cuma dalam waktu 5 hari harga aset kripto CYBER naik 100 lho ! Sebelum melakukan transaksi jual atau beli aset kripto selalu lakukan riset DYOR dan pertimbangan terlebih dahulu untuk mengetahui semua informasi tentang #AsetMasaDepan kamu ya . Mau tau HTTPURL,False negative: other: CYBER
Gold_1407,Bentar lagi mau pick winner untuk bagi bagi Solana Tapi sebelomnya MinGiant mau minta tolong nih . . Bantu ke link HTTPURL Lalu SS dong Kalau mau beli boleh bid . . Yang penti bantu sebarkan yaa biar LAKU GA ini siapa yang menang yaa handpick dulu ah HTTPURL,False positive: cross-domain ambiguity: Solana
Gold_1409,@USER @USER Menurut anda bagai mana . . . . Bitmar ada fitur staking $cpen . . . . Tetapi maksimal staking 3000 cpen itu maksimal . . . Apakah harga mungkin akan mahal,False negative: no slang/jargon context: cpen
Gold_1413,LAST DAY ALERT ! Share PnL Campaign tinggal hari ini aja ! Cuma submit screenshot PnL kamu Semua yang submit PASTI dapet reward Prize Pool $100  USDT BNB Chain Gak ada rules ribet beneran ez banget Form udah bisa langsung kalian submit Gak harus cuan HTTPURL,False positive: cross-domain ambiguity: BNB
Gold_1422,Sell - side Risk Ratio Deteksi Akumulasi dan Distribusi Bitcoin Secara On - Chain . Grafik ini menunjukkan metriks Bitcoin Sell - side Risk Ratio SSR yang mana digunakan sebagai indikator probabilistik yang digunakan untuk mengukur tekanan jual Bitcoin pada market . HTTPURL,False positive: cross-domain ambiguity: Bitcoin
Gold_1424,last call BTC menurut dukun ane di kisaran 88 jadi dari harga 92 turun dulu nih ke 88 terus bounce 120,False positive: cross-domain ambiguity: bounce
Gold_1430,Mulai dari guest star yang kurang bikin hype random e - sport tourney tidak adanya pihak eye - catching yang mengisi corporate booth stand FnB rugi drama harga booth promosi event pake AI crp booth jualan bootleg dan masih banyak lagi .,False positive: cross-domain ambiguity: crp
Gold_1436,@USER Polygon Optimism dan Immutable semua lagi volatile tapi peluang rebound teknikal terbuka karena CRSI oversold di POL amp OP sedangkan IMX baru saja konsolidasi abis reli . POL punya fundamental DeFi dan NFT yang makin kuat OP sedang tarik minat walau ada isu performa IMX,False negative: no slang/jargon context: OP || False negative: no slang/jargon context: POL || False negative: no slang/jargon context: POL || False negative: no slang/jargon context: Polygon || False negative: no slang/jargon context: OP || False negative: no slang/jargon context: Immutable
Gold_1437,Dalam waktu 1 hari harga aset kripto STIK sudah naik 72 . 93 loh ! Cek dan beli STIK di HTTPURL #INDODAX #AsetMasaDepan #STIK HTTPURL,False negative: other: STIK
Gold_1439,@USER @USER Tapi biasanya rumor aja sih slot sejak di feye ga pernah terlalu pakai ducth connection kayak eth utk skuadnya Semoga sebelum beli pemain dikonsultasi dulu ke slot supaya ga buang kuota non hg kayak chiesa,False positive: cross-domain ambiguity: eth
Gold_1447,@USER Harga segini masih murah sih Sol . Dibanding mesti pp ke Indonesia dulu cuma buat makan masakan Padang .,False positive: cross-domain ambiguity: Sol
Gold_1449,@USER VIP kelas no 1 kok sepi bener si bang . . . bang AEVO dibeli jgn di CL . . ETH di beli lg jgb di CL . . beli jgn tipis2 . . all in,False negative: no slang/jargon context: AEVO
Gold_1451,@USER Potensi BTC tembus $111K makin solid . Institusi besar seperti BlackRock agresif akumulasi arus ETF masuk deras dan narasi liquidity grab dorong optimisme pasar . Sentimen sosial dominan bullish ekosistem DeFi Bitcoin makin hidup tapi RSI overbought sinyal koreksi minor bisa,False positive: cross-domain ambiguity: Bitcoin
Gold_1457,@USER hmm tapi $5  . 8 dari 200 $E rewards itu berarti harga per token masih di bawah $0  . 3 worth buat di - hold atau langsung convert aja ?,False negative: other: $E
Gold_1458,Kapan lagi kalian cuman bikin konten bisa dapet cuan ges ? Penasaran kan ? YUK ikutan jadi JUPFLUENCER bareng bobo ! Pertama ku jelasin dulu yak JUPFLUENCER itu apa sih ? JUPFLUENCER itu komunitas kreator di Web3 yang spreading awareness soal Jupiter DEX dan kalian bakal HTTPURL,False positive: cross-domain ambiguity: Jupiter
Gold_1460,#XpertAnalisys Elon Musk dulu dia bukan siapa siapa trus dia melakukan apa atau beli koin apa sehingga dia bisa punya space X dan perushaan Tesla ? ? ? #Mindset #MemeCore #Memcoin,False positive: cross-domain ambiguity: #MemeCore || False positive: cross-domain ambiguity: Elon
Gold_1461,@USER @USER oala wait aku masih mahami berarti kita beli token avax aja kan di mexc wavax namanya sama aja kan ?,False negative: other: avax
Gold_1462,VanEck Mengajukan Permohonan BNB ETF di Delaware Langkah Besar untuk ETF Kripto Manajer investasi #VanEck baru saja mengajukan permohonan untuk membuat entitas trust untuk #BNBETF yang diusulkan di Delaware menandai langkah besar di dunia ETF kripto . Ini adalah usaha pertama HTTPURL,False negative: other: #BNBETF
Gold_1465,@USER Yo bro gue Grok 3 dari xAI . Bisa search web sama X buat info terbaru jawab pertanyaan bantu coding sampe kasih ringkasan konten . Keren buat Web3 sama crypto kayak cek harga di CoinMarketCap jelasin proyek blockchain atau analisis tren di X . Tapi kalo situs proyek baru,False positive: cross-domain ambiguity: xAI
Gold_1467,@USER Tren bullish $HAEDAL amp $FLOKI hari ini didorong sentimen positif FLOKI makin kuat usai legal listing MiCAR EU sementara HAEDAL diuntungkan hype listing dan liquid staking . Volume serta open interest keduanya naik signifikan mempertegas dorongan trader . Namun indikator,False positive: cross-domain ambiguity: MiCAR || False negative: other: HAEDAL
Gold_1469,Guys kalian sama gak sih kayak gua yang dulunya skeptis Kayak Masa sih bisa trading modal receh terus dapet cuan gede ? Apalagi liat orang - orang pamer profit ratusan dollar padahal kita mah cuma punya $10  - an doang Tapi semua berubah pas gue kenalan sama AEVO Degen HTTPURL,False positive: cross-domain ambiguity: Degen || False negative: other: AEVO
Gold_1474,Saat Token Kembali ke Dompet Momen ini menjadi fase penting yang memicu banyak perspektif tentang potensi pergerakan harga . #InterLink #ITLG #ITL HTTPURL,False negative: other: #InterLink
Gold_1481,$BTC update bitcoin Harga sudah mantul dari support garis hitam bawah di $111  974 . Namun karena kemarin harga sudah melakukan engulfing maka trading plan saya adalah Harga naik sampai either $120k atau $123  . 2K untuk kemudian turun lagi ke bawah $111K . Short di dua titik td HTTPURL,False positive: cross-domain ambiguity: bitcoin || False positive: cross-domain ambiguity: either
Gold_1490,@USER Paus kripto adalah individu atau entitas yang memegang jumlah besar cryptocurrency seperti Bitcoin atau Ethereum cukup untuk memengaruhi harga pasar . Tindakan mereka bisa menyebabkan volatilitas harga merugikan investor kecil melalui manipulasi seperti skema pump - and - dump di,False positive: cross-domain ambiguity: Bitcoin || False positive: cross-domain ambiguity: Ethereum
Gold_1495,@USER Ya akhirnya muncul ! Berdasarkan analisis interaksi tweetmu ini top 10 moots potensial urutan berdasar frekuensi reply amp mention 1 . @USER - Paling sering diskusi photocard amp wishlist Rei . 2 . @USER - Sering bagi tips Wonyoung amp shipping . 3 . @USER - Hype IVE,False positive: cross-domain ambiguity: Rei
