sentence_id,stratum
Gold_1,Altcoin
Gold_2,Background
Gold_3,Blue-Chip
Gold_4,Blue-Chip
Gold_5,Altcoin
Gold_7,Altcoin
Gold_8,Altcoin
Gold_9,Background
Gold_10,Blue-Chip
Gold_11,Altcoin
Gold_12,Background
Gold_13,Altcoin
Gold_14,Background
Gold_15,Blue-Chip
Gold_16,Background
Gold_17,Background
Gold_18,Altcoin
Gold_19,Blue-Chip
Gold_20,Blue-Chip
Gold_21,Altcoin
Gold_22,Altcoin
Gold_23,Altcoin
Gold_24,Background
Gold_25,Background
Gold_26,Blue-Chip
Gold_27,Background
Gold_28,Background
Gold_29,Background
Gold_30,Background
Gold_31,Altcoin
Gold_32,Altcoin
Gold_33,Background
Gold_34,Altcoin
Gold_35,Blue-Chip
Gold_36,Blue-Chip
Gold_37,Blue-Chip
Gold_38,Blue-Chip
Gold_39,Altcoin
Gold_41,Background
Gold_42,Blue-Chip
Gold_43,Background
Gold_44,Altcoin
Gold_45,Altcoin
Gold_46,Blue-Chip
Gold_47,Blue-Chip
Gold_48,Blue-Chip
Gold_49,Altcoin
Gold_50,Altcoin
Gold_51,Altcoin
Gold_52,Altcoin
Gold_53,Altcoin
Gold_54,Background
Gold_55,Altcoin
Gold_56,Altcoin
Gold_57,Blue-Chip
Gold_58,Altcoin
Gold_59,Blue-Chip
Gold_60,Altcoin
Gold_62,Altcoin
Gold_63,Altcoin
Gold_64,Background
Gold_65,Altcoin
Gold_66,Altcoin
Gold_67,Blue-Chip
Gold_68,Altcoin
Gold_69,Background
Gold_70,Blue-Chip
Gold_71,Background
Gold_72,Altcoin
Gold_73,Altcoin
Gold_74,Blue-Chip
Gold_75,Altcoin
Gold_76,Background
Gold_77,Altcoin
Gold_78,Altcoin
Gold_79,Altcoin
Gold_80,Altcoin
Gold_81,Altcoin
Gold_82,Blue-Chip
Gold_83,Blue-Chip
Gold_84,Altcoin
Gold_85,Altcoin
Gold_86,Blue-Chip
Gold_87,Altcoin
Gold_88,Altcoin
Gold_89,Altcoin
Gold_90,Altcoin
Gold_91,Altcoin
Gold_92,Blue-Chip
Gold_93,Blue-Chip
Gold_94,Background
Gold_95,Altcoin
Gold_96,Altcoin
Gold_97,Blue-Chip
Gold_98,Blue-Chip
Gold_99,Altcoin
Gold_100,Blue-Chip
Gold_101,Altcoin
Gold_102,Altcoin
Gold_103,Altcoin
Gold_104,Altcoin
Gold_105,Altcoin
Gold_106,Blue-Chip
Gold_107,Altcoin
Gold_108,Altcoin
Gold_109,Blue-Chip
Gold_110,Altcoin
Gold_111,Altcoin
Gold_112,Background
Gold_114,Altcoin
Gold_115,Blue-Chip
Gold_116,Blue-Chip
Gold_118,Blue-Chip
Gold_119,Blue-Chip
Gold_120,Altcoin
Gold_121,Altcoin
Gold_122,Background
Gold_123,Background
Gold_124,Blue-Chip
Gold_125,Blue-Chip
Gold_126,Background
Gold_127,Background
Gold_128,Altcoin
Gold_129,Background
Gold_130,Altcoin
Gold_131,Background
Gold_132,Blue-Chip
Gold_133,Altcoin
Gold_134,Background
Gold_135,Altcoin
Gold_137,Altcoin
Gold_138,Blue-Chip
Gold_139,Altcoin
Gold_140,Blue-Chip
Gold_141,Altcoin
Gold_142,Blue-Chip
Gold_143,Background
Gold_144,Blue-Chip
Gold_145,Altcoin
Gold_146,Background
Gold_147,Altcoin
Gold_148,Altcoin
Gold_149,Blue-Chip
Gold_150,Altcoin
Gold_151,Background
Gold_152,Background
Gold_153,Altcoin
Gold_154,Background
Gold_155,Altcoin
Gold_156,Background
Gold_157,Altcoin
Gold_158,Blue-Chip
Gold_159,Blue-Chip
Gold_160,Blue-Chip
Gold_161,Blue-Chip
Gold_162,Blue-Chip
Gold_163,Altcoin
Gold_164,Background
Gold_165,Blue-Chip
Gold_166,Blue-Chip
Gold_167,Background
Gold_168,Altcoin
Gold_169,Altcoin
Gold_170,Blue-Chip
Gold_171,Blue-Chip
Gold_172,Altcoin
Gold_173,Altcoin
Gold_174,Altcoin
Gold_175,Blue-Chip
Gold_176,Altcoin
Gold_177,Altcoin
Gold_178,Altcoin
Gold_179,Altcoin
Gold_180,Background
Gold_181,Blue-Chip
Gold_182,Altcoin
Gold_183,Blue-Chip
Gold_184,Altcoin
Gold_185,Background
Gold_186,Altcoin
Gold_187,Altcoin
Gold_188,Blue-Chip
Gold_189,Altcoin
Gold_190,Background
Gold_191,Altcoin
Gold_192,Altcoin
Gold_193,Background
Gold_194,Background
Gold_195,Altcoin
Gold_196,Blue-Chip
Gold_197,Altcoin
Gold_198,Blue-Chip
Gold_199,Altcoin
Gold_200,Blue-Chip
Gold_201,Altcoin
Gold_202,Altcoin
Gold_203,Blue-Chip
Gold_204,Altcoin
Gold_205,Altcoin
Gold_206,Altcoin
Gold_207,Blue-Chip
Gold_208,Altcoin
Gold_209,Blue-Chip
Gold_210,Altcoin
Gold_211,Blue-Chip
Gold_212,Altcoin
Gold_213,Altcoin
Gold_214,Background
Gold_215,Blue-Chip
Gold_216,Blue-Chip
Gold_217,Background
Gold_218,Altcoin
Gold_219,Background
Gold_220,Blue-Chip
Gold_221,Background
Gold_222,Altcoin
Gold_223,Altcoin
Gold_224,Altcoin
Gold_225,Blue-Chip
Gold_226,Altcoin
Gold_227,Altcoin
Gold_228,Blue-Chip
Gold_229,Background
Gold_230,Background
Gold_231,Altcoin
Gold_232,Blue-Chip
Gold_233,Altcoin
Gold_234,Altcoin
Gold_235,Altcoin
Gold_236,Altcoin
Gold_237,Background
Gold_238,Background
Gold_239,Background
Gold_241,Altcoin
Gold_242,Altcoin
Gold_243,Altcoin
Gold_244,Blue-Chip
Gold_245,Altcoin
Gold_246,Altcoin
Gold_247,Background
Gold_248,Altcoin
Gold_249,Altcoin
Gold_250,Altcoin
Gold_251,Altcoin
Gold_252,Blue-Chip
Gold_253,Background
Gold_254,Altcoin
Gold_255,Altcoin
Gold_256,Altcoin
Gold_257,Background
Gold_258,Altcoin
Gold_259,Altcoin
Gold_260,Altcoin
Gold_261,Altcoin
Gold_262,Blue-Chip
Gold_263,Altcoin
Gold_264,Altcoin
Gold_265,Background
Gold_266,Altcoin
Gold_267,Altcoin
Gold_268,Blue-Chip
Gold_269,Altcoin
Gold_270,Altcoin
Gold_271,Blue-Chip
Gold_272,Blue-Chip
Gold_273,Blue-Chip
Gold_274,Background
Gold_275,Altcoin
Gold_276,Background
Gold_277,Background
Gold_278,Background
Gold_279,Altcoin
Gold_280,Background
Gold_281,Altcoin
Gold_282,Background
Gold_283,Background
Gold_284,Altcoin
Gold_285,Blue-Chip
Gold_286,Altcoin
Gold_287,Altcoin
Gold_288,Background
Gold_289,Blue-Chip
Gold_290,Background
Gold_291,Altcoin
Gold_292,Altcoin
Gold_293,Blue-Chip
Gold_294,Background
Gold_295,Altcoin
Gold_296,Altcoin
Gold_297,Altcoin
Gold_298,Background
Gold_299,Altcoin
Gold_300,Altcoin
Gold_301,Blue-Chip
Gold_302,Altcoin
Gold_303,Background
Gold_304,Altcoin
Gold_305,Blue-Chip
Gold_306,Blue-Chip
Gold_307,Background
Gold_308,Altcoin
Gold_309,Altcoin
Gold_310,Altcoin
Gold_311,Altcoin
Gold_312,Background
Gold_313,Blue-Chip
Gold_314,Altcoin
Gold_315,Altcoin
Gold_316,Background
Gold_317,Altcoin
Gold_318,Altcoin
Gold_319,Blue-Chip
Gold_320,Altcoin
Gold_321,Altcoin
Gold_322,Altcoin
Gold_323,Altcoin
Gold_324,Altcoin
Gold_325,Altcoin
Gold_326,Background
Gold_327,Background
Gold_328,Background
Gold_329,Blue-Chip
Gold_330,Blue-Chip
Gold_331,Background
Gold_332,Altcoin
Gold_333,Background
Gold_334,Altcoin
Gold_335,Altcoin
Gold_336,Altcoin
Gold_337,Blue-Chip
Gold_338,Blue-Chip
Gold_339,Altcoin
Gold_341,Blue-Chip
Gold_343,Altcoin
Gold_344,Altcoin
Gold_345,Altcoin
Gold_346,Altcoin
Gold_347,Altcoin
Gold_348,Altcoin
Gold_349,Blue-Chip
Gold_350,Altcoin
Gold_351,Blue-Chip
Gold_352,Altcoin
Gold_353,Blue-Chip
Gold_354,Altcoin
Gold_355,Altcoin
Gold_356,Altcoin
Gold_357,Altcoin
Gold_358,Altcoin
Gold_359,Altcoin
Gold_360,Blue-Chip
Gold_361,Altcoin
Gold_362,Altcoin
Gold_363,Altcoin
Gold_364,Background
Gold_365,Background
Gold_366,Altcoin
Gold_367,Blue-Chip
Gold_368,Altcoin
Gold_369,Blue-Chip
Gold_370,Background
Gold_371,Blue-Chip
Gold_372,Altcoin
Gold_373,Altcoin
Gold_374,Altcoin
Gold_375,Altcoin
Gold_376,Altcoin
Gold_377,Background
Gold_378,Background
Gold_379,Background
Gold_380,Blue-Chip
Gold_381,Background
Gold_382,Background
Gold_383,Altcoin
Gold_384,Altcoin
Gold_385,Altcoin
Gold_386,Blue-Chip
Gold_387,Altcoin
Gold_388,Altcoin
Gold_389,Blue-Chip
Gold_390,Altcoin
Gold_391,Altcoin
Gold_392,Altcoin
Gold_393,Background
Gold_394,Altcoin
Gold_395,Background
Gold_396,Altcoin
Gold_397,Blue-Chip
Gold_398,Background
Gold_399,Background
Gold_400,Altcoin
Gold_401,Altcoin
Gold_402,Blue-Chip
Gold_403,Background
Gold_404,Background
Gold_405,Blue-Chip
Gold_406,Altcoin
Gold_407,Blue-Chip
Gold_408,Blue-Chip
Gold_409,Other
Gold_410,Background
Gold_411,Altcoin
Gold_412,Background
Gold_413,Altcoin
Gold_414,Altcoin
Gold_415,Altcoin
Gold_416,Altcoin
Gold_417,Blue-Chip
Gold_418,Altcoin
Gold_419,Altcoin
Gold_420,Background
Gold_421,Blue-Chip
Gold_422,Altcoin
Gold_423,Blue-Chip
Gold_424,Altcoin
Gold_425,Altcoin
Gold_426,Background
Gold_427,Altcoin
Gold_428,Blue-Chip
Gold_429,Blue-Chip
Gold_430,Background
Gold_431,Altcoin
Gold_432,Blue-Chip
Gold_433,Blue-Chip
Gold_434,Blue-Chip
Gold_435,Altcoin
Gold_436,Altcoin
Gold_437,Altcoin
Gold_438,Blue-Chip
Gold_439,Blue-Chip
Gold_440,Altcoin
Gold_441,Altcoin
Gold_442,Altcoin
Gold_443,Altcoin
Gold_444,Background
Gold_445,Blue-Chip
Gold_446,Altcoin
Gold_447,Altcoin
Gold_448,Altcoin
Gold_449,Altcoin
Gold_450,Background
Gold_451,Altcoin
Gold_452,Altcoin
Gold_453,Blue-Chip
Gold_454,Altcoin
Gold_455,Altcoin
Gold_456,Altcoin
Gold_457,Background
Gold_458,Altcoin
Gold_459,Blue-Chip
Gold_460,Blue-Chip
Gold_461,Altcoin
Gold_462,Altcoin
Gold_463,Blue-Chip
Gold_464,Altcoin
Gold_465,Altcoin
Gold_466,Altcoin
Gold_467,Altcoin
Gold_468,Altcoin
Gold_469,Altcoin
Gold_470,Background
Gold_471,Blue-Chip
Gold_472,Altcoin
Gold_473,Blue-Chip
Gold_474,Blue-Chip
Gold_475,Altcoin
Gold_476,Altcoin
Gold_477,Altcoin
Gold_478,Blue-Chip
Gold_479,Altcoin
Gold_480,Altcoin
Gold_481,Background
Gold_482,Blue-Chip
Gold_483,Altcoin
Gold_484,Background
Gold_485,Altcoin
Gold_486,Altcoin
Gold_488,Background
Gold_489,Background
Gold_490,Altcoin
Gold_491,Blue-Chip
Gold_492,Altcoin
Gold_493,Background
Gold_494,Background
Gold_495,Background
Gold_496,Altcoin
Gold_497,Altcoin
Gold_498,Blue-Chip
Gold_499,Background
Gold_500,Altcoin
Gold_501,Blue-Chip
Gold_502,Background
Gold_503,Altcoin
Gold_504,Altcoin
Gold_505,Altcoin
Gold_506,Background
Gold_507,Background
Gold_508,Blue-Chip
Gold_509,Blue-Chip
Gold_510,Background
Gold_511,Altcoin
Gold_512,Altcoin
Gold_513,Background
Gold_514,Background
Gold_515,Altcoin
Gold_516,Altcoin
Gold_517,Blue-Chip
Gold_518,Blue-Chip
Gold_519,Background
Gold_520,Background
Gold_521,Background
Gold_522,Altcoin
Gold_523,Altcoin
Gold_524,Altcoin
Gold_525,Altcoin
Gold_526,Altcoin
Gold_527,Altcoin
Gold_528,Altcoin
Gold_529,Blue-Chip
Gold_530,Altcoin
Gold_531,Background
Gold_532,Blue-Chip
Gold_533,Altcoin
Gold_534,Background
Gold_535,Altcoin
Gold_536,Altcoin
Gold_537,Background
Gold_538,Altcoin
Gold_539,Altcoin
Gold_540,Altcoin
Gold_541,Background
Gold_542,Altcoin
Gold_543,Blue-Chip
Gold_544,Altcoin
Gold_545,Background
Gold_546,Altcoin
Gold_547,Altcoin
Gold_548,Altcoin
Gold_549,Blue-Chip
Gold_550,Blue-Chip
Gold_551,Altcoin
Gold_552,Background
Gold_553,Altcoin
Gold_554,Background
Gold_555,Altcoin
Gold_556,Blue-Chip
Gold_557,Altcoin
Gold_558,Background
Gold_559,Altcoin
Gold_560,Blue-Chip
Gold_561,Altcoin
Gold_562,Blue-Chip
Gold_563,Altcoin
Gold_564,Background
Gold_565,Altcoin
Gold_566,Blue-Chip
Gold_567,Altcoin
Gold_568,Altcoin
Gold_569,Altcoin
Gold_570,Altcoin
Gold_571,Altcoin
Gold_572,Altcoin
Gold_573,Background
Gold_574,Altcoin
Gold_575,Blue-Chip
Gold_576,Altcoin
Gold_577,Background
Gold_578,Blue-Chip
Gold_579,Blue-Chip
Gold_580,Altcoin
Gold_581,Altcoin
Gold_582,Altcoin
Gold_583,Background
Gold_584,Altcoin
Gold_585,Background
Gold_586,Altcoin
Gold_587,Altcoin
Gold_588,Altcoin
Gold_589,Blue-Chip
Gold_590,Background
Gold_591,Altcoin
Gold_592,Blue-Chip
Gold_593,Blue-Chip
Gold_594,Altcoin
Gold_595,Altcoin
Gold_596,Background
Gold_597,Blue-Chip
Gold_598,Altcoin
Gold_599,Blue-Chip
Gold_600,Blue-Chip
Gold_601,Altcoin
Gold_602,Altcoin
Gold_603,Altcoin
Gold_604,Altcoin
Gold_605,Background
Gold_606,Altcoin
Gold_607,Background
Gold_608,Altcoin
Gold_609,Background
Gold_610,Blue-Chip
Gold_612,Blue-Chip
Gold_613,Blue-Chip
Gold_614,Background
Gold_616,Background
Gold_617,Blue-Chip
Gold_618,Altcoin
Gold_619,Altcoin
Gold_620,Altcoin
Gold_621,Background
Gold_622,Background
Gold_623,Altcoin
Gold_624,Blue-Chip
Gold_625,Altcoin
Gold_626,Altcoin
Gold_627,Altcoin
Gold_628,Altcoin
Gold_629,Altcoin
Gold_630,Blue-Chip
Gold_631,Altcoin
Gold_632,Altcoin
Gold_633,Altcoin
Gold_634,Altcoin
Gold_635,Altcoin
Gold_636,Altcoin
Gold_637,Altcoin
Gold_639,Blue-Chip
Gold_640,Background
Gold_641,Background
Gold_642,Altcoin
Gold_643,Altcoin
Gold_644,Background
Gold_645,Altcoin
Gold_646,Altcoin
Gold_647,Background
Gold_648,Altcoin
Gold_649,Blue-Chip
Gold_650,Altcoin
Gold_651,Blue-Chip
Gold_652,Altcoin
Gold_653,Blue-Chip
Gold_654,Blue-Chip
Gold_655,Blue-Chip
Gold_656,Altcoin
Gold_657,Altcoin
Gold_658,Background
Gold_659,Blue-Chip
Gold_660,Background
Gold_661,Blue-Chip
Gold_662,Background
Gold_663,Altcoin
Gold_664,Altcoin
Gold_665,Altcoin
Gold_666,Altcoin
Gold_667,Altcoin
Gold_668,Altcoin
Gold_670,Blue-Chip
Gold_671,Blue-Chip
Gold_672,Blue-Chip
Gold_673,Altcoin
Gold_674,Blue-Chip
Gold_675,Blue-Chip
Gold_676,Other
Gold_677,Blue-Chip
Gold_678,Altcoin
Gold_679,Blue-Chip
Gold_680,Blue-Chip
Gold_682,Altcoin
Gold_683,Blue-Chip
Gold_684,Background
Gold_685,Altcoin
Gold_686,Blue-Chip
Gold_687,Background
Gold_688,Altcoin
Gold_689,Altcoin
Gold_690,Altcoin
Gold_691,Background
Gold_692,Altcoin
Gold_693,Altcoin
Gold_694,Altcoin
Gold_696,Altcoin
Gold_697,Background
Gold_698,Background
Gold_699,Background
Gold_700,Altcoin
Gold_701,Blue-Chip
Gold_702,Altcoin
Gold_703,Blue-Chip
Gold_704,Altcoin
Gold_705,Altcoin
Gold_706,Blue-Chip
Gold_707,Blue-Chip
Gold_708,Altcoin
Gold_709,Blue-Chip
Gold_710,Altcoin
Gold_711,Altcoin
Gold_712,Altcoin
Gold_713,Blue-Chip
Gold_714,Background
Gold_715,Blue-Chip
Gold_716,Blue-Chip
Gold_717,Altcoin
Gold_718,Blue-Chip
Gold_719,Altcoin
Gold_720,Blue-Chip
Gold_721,Altcoin
Gold_722,Altcoin
Gold_724,Background
Gold_725,Altcoin
Gold_726,Blue-Chip
Gold_727,Blue-Chip
Gold_728,Altcoin
Gold_729,Blue-Chip
Gold_730,Background
Gold_731,Blue-Chip
Gold_733,Background
Gold_734,Altcoin
Gold_735,Blue-Chip
Gold_736,Blue-Chip
Gold_737,Blue-Chip
Gold_738,Blue-Chip
Gold_739,Altcoin
Gold_740,Blue-Chip
Gold_741,Altcoin
Gold_742,Altcoin
Gold_743,Altcoin
Gold_744,Altcoin
Gold_745,Altcoin
Gold_746,Blue-Chip
Gold_747,Blue-Chip
Gold_748,Blue-Chip
Gold_749,Background
Gold_750,Altcoin
Gold_751,Background
Gold_752,Blue-Chip
Gold_753,Background
Gold_754,Background
Gold_755,Altcoin
Gold_756,Blue-Chip
Gold_757,Blue-Chip
Gold_758,Background
Gold_759,Blue-Chip
Gold_760,Blue-Chip
Gold_761,Blue-Chip
Gold_762,Background
Gold_764,Blue-Chip
Gold_765,Altcoin
Gold_766,Altcoin
Gold_767,Blue-Chip
Gold_768,Blue-Chip
Gold_769,Altcoin
Gold_770,Blue-Chip
Gold_771,Altcoin
Gold_772,Blue-Chip
Gold_773,Blue-Chip
Gold_774,Altcoin
Gold_775,Altcoin
Gold_776,Altcoin
Gold_777,Background
Gold_778,Altcoin
Gold_779,Altcoin
Gold_780,Blue-Chip
Gold_781,Blue-Chip
Gold_782,Altcoin
Gold_783,Blue-Chip
Gold_784,Altcoin
Gold_785,Altcoin
Gold_786,Altcoin
Gold_787,Altcoin
Gold_788,Background
Gold_789,Blue-Chip
Gold_791,Altcoin
Gold_792,Altcoin
Gold_793,Altcoin
Gold_794,Altcoin
Gold_795,Blue-Chip
Gold_796,Background
Gold_797,Altcoin
Gold_798,Background
Gold_799,Blue-Chip
Gold_800,Altcoin
Gold_801,Background
Gold_802,Altcoin
Gold_803,Altcoin
Gold_804,Altcoin
Gold_805,Blue-Chip
Gold_806,Blue-Chip
Gold_807,Altcoin
Gold_808,Background
Gold_809,Blue-Chip
Gold_810,Altcoin
Gold_811,Blue-Chip
Gold_812,Background
Gold_813,Blue-Chip
Gold_814,Background
Gold_815,Blue-Chip
Gold_816,Altcoin
Gold_817,Blue-Chip
Gold_818,Background
Gold_819,Altcoin
Gold_820,Blue-Chip
Gold_821,Blue-Chip
Gold_822,Altcoin
Gold_823,Altcoin
Gold_824,Blue-Chip
Gold_825,Altcoin
Gold_826,Background
Gold_827,Altcoin
Gold_828,Background
Gold_829,Altcoin
Gold_830,Background
Gold_831,Altcoin
Gold_832,Altcoin
Gold_833,Altcoin
Gold_834,Background
Gold_835,Blue-Chip
Gold_836,Altcoin
Gold_837,Altcoin
Gold_838,Altcoin
Gold_839,Background
Gold_840,Altcoin
Gold_841,Altcoin
Gold_842,Blue-Chip
Gold_843,Background
Gold_844,Altcoin
Gold_845,Altcoin
Gold_846,Altcoin
Gold_847,Altcoin
Gold_848,Altcoin
Gold_849,Background
Gold_850,Blue-Chip
Gold_851,Altcoin
Gold_852,Altcoin
Gold_853,Altcoin
Gold_854,Blue-Chip
Gold_855,Altcoin
Gold_856,Background
Gold_857,Other
Gold_858,Altcoin
Gold_859,Altcoin
Gold_860,Altcoin
Gold_861,Blue-Chip
Gold_862,Altcoin
Gold_864,Altcoin
Gold_865,Altcoin
Gold_866,Blue-Chip
Gold_867,Altcoin
Gold_868,Altcoin
Gold_869,Altcoin
Gold_871,Background
Gold_872,Blue-Chip
Gold_873,Altcoin
Gold_874,Background
Gold_875,Blue-Chip
Gold_876,Altcoin
Gold_877,Blue-Chip
Gold_878,Background
Gold_879,Background
Gold_880,Blue-Chip
Gold_881,Blue-Chip
Gold_882,Blue-Chip
Gold_883,Altcoin
Gold_884,Altcoin
Gold_885,Altcoin
Gold_886,Altcoin
Gold_887,Altcoin
Gold_888,Altcoin
Gold_889,Altcoin
Gold_890,Blue-Chip
Gold_891,Altcoin
Gold_892,Altcoin
Gold_893,Altcoin
Gold_894,Blue-Chip
Gold_895,Altcoin
Gold_896,Altcoin
Gold_897,Altcoin
Gold_898,Background
Gold_899,Blue-Chip
Gold_900,Other
Gold_901,Blue-Chip
Gold_902,Blue-Chip
Gold_903,Altcoin
Gold_904,Altcoin
Gold_905,Background
Gold_906,Altcoin
Gold_907,Background
Gold_909,Altcoin
Gold_910,Background
Gold_911,Altcoin
Gold_912,Background
Gold_913,Blue-Chip
Gold_914,Altcoin
Gold_915,Blue-Chip
Gold_916,Altcoin
Gold_917,Altcoin
Gold_918,Altcoin
Gold_919,Altcoin
Gold_920,Blue-Chip
Gold_921,Background
Gold_922,Blue-Chip
Gold_923,Altcoin
Gold_924,Altcoin
Gold_925,Altcoin
Gold_926,Altcoin
Gold_927,Blue-Chip
Gold_928,Altcoin
Gold_929,Altcoin
Gold_930,Altcoin
Gold_931,Blue-Chip
Gold_932,Background
Gold_933,Blue-Chip
Gold_934,Background
Gold_935,Altcoin
Gold_936,Altcoin
Gold_937,Background
Gold_938,Altcoin
Gold_939,Blue-Chip
Gold_940,Altcoin
Gold_941,Background
Gold_942,Blue-Chip
Gold_943,Blue-Chip
Gold_944,Blue-Chip
Gold_945,Blue-Chip
Gold_946,Altcoin
Gold_947,Blue-Chip
Gold_948,Background
Gold_949,Background
Gold_950,Altcoin
Gold_951,Background
Gold_952,Blue-Chip
Gold_953,Other
Gold_954,Altcoin
Gold_955,Blue-Chip
Gold_956,Altcoin
Gold_957,Background
Gold_958,Background
Gold_959,Altcoin
Gold_960,Altcoin
Gold_961,Altcoin
Gold_962,Blue-Chip
Gold_963,Background
Gold_964,Altcoin
Gold_965,Altcoin
Gold_966,Altcoin
Gold_967,Altcoin
Gold_968,Altcoin
Gold_970,Altcoin
Gold_971,Blue-Chip
Gold_972,Blue-Chip
Gold_973,Background
Gold_974,Blue-Chip
Gold_975,Background
Gold_976,Altcoin
Gold_977,Blue-Chip
Gold_978,Blue-Chip
Gold_979,Altcoin
Gold_980,Altcoin
Gold_981,Blue-Chip
Gold_982,Altcoin
Gold_983,Altcoin
Gold_984,Background
Gold_985,Background
Gold_986,Altcoin
Gold_987,Altcoin
Gold_988,Altcoin
Gold_989,Altcoin
Gold_990,Blue-Chip
Gold_991,Altcoin
Gold_992,Altcoin
Gold_993,Blue-Chip
Gold_994,Altcoin
Gold_995,Background
Gold_996,Blue-Chip
Gold_997,Altcoin
Gold_998,Altcoin
Gold_999,Background
Gold_1000,Blue-Chip
Gold_1001,Altcoin
Gold_1002,Altcoin
Gold_1003,Background
Gold_1004,Altcoin
Gold_1005,Blue-Chip
Gold_1006,Blue-Chip
Gold_1007,Altcoin
Gold_1008,Blue-Chip
Gold_1009,Altcoin
Gold_1010,Blue-Chip
Gold_1011,Altcoin
Gold_1012,Altcoin
Gold_1013,Blue-Chip
Gold_1014,Background
Gold_1015,Background
Gold_1016,Blue-Chip
Gold_1017,Background
Gold_1018,Altcoin
Gold_1020,Blue-Chip
Gold_1021,Background
Gold_1022,Blue-Chip
Gold_1023,Background
Gold_1024,Altcoin
Gold_1025,Altcoin
Gold_1026,Background
Gold_1028,Blue-Chip
Gold_1029,Altcoin
Gold_1030,Background
Gold_1031,Altcoin
Gold_1032,Altcoin
Gold_1033,Altcoin
Gold_1034,Blue-Chip
Gold_1035,Altcoin
Gold_1036,Altcoin
Gold_1037,Altcoin
Gold_1038,Altcoin
Gold_1039,Background
Gold_1040,Altcoin
Gold_1041,Blue-Chip
Gold_1042,Altcoin
Gold_1043,Altcoin
Gold_1044,Blue-Chip
Gold_1045,Blue-Chip
Gold_1046,Background
Gold_1047,Altcoin
Gold_1048,Altcoin
Gold_1049,Background
Gold_1050,Blue-Chip
Gold_1051,Altcoin
Gold_1053,Background
Gold_1054,Altcoin
Gold_1055,Altcoin
Gold_1057,Blue-Chip
Gold_1058,Blue-Chip
Gold_1059,Altcoin
Gold_1060,Background
Gold_1061,Background
Gold_1062,Altcoin
Gold_1063,Altcoin
Gold_1064,Blue-Chip
Gold_1065,Altcoin
Gold_1066,Altcoin
Gold_1067,Altcoin
Gold_1068,Blue-Chip
Gold_1069,Background
Gold_1070,Altcoin
Gold_1071,Background
Gold_1072,Altcoin
Gold_1073,Altcoin
Gold_1074,Background
Gold_1075,Altcoin
Gold_1076,Altcoin
Gold_1077,Altcoin
Gold_1078,Blue-Chip
Gold_1079,Blue-Chip
Gold_1080,Background
Gold_1081,Blue-Chip
Gold_1082,Blue-Chip
Gold_1083,Altcoin
Gold_1084,Blue-Chip
Gold_1085,Altcoin
Gold_1086,Background
Gold_1087,Altcoin
Gold_1088,Background
Gold_1089,Other
Gold_1090,Altcoin
Gold_1091,Altcoin
Gold_1092,Altcoin
Gold_1093,Altcoin
Gold_1094,Blue-Chip
Gold_1095,Background
Gold_1096,Background
Gold_1097,Altcoin
Gold_1098,Altcoin
Gold_1099,Altcoin
Gold_1100,Background
Gold_1102,Altcoin
Gold_1103,Altcoin
Gold_1104,Altcoin
Gold_1106,Altcoin
Gold_1108,Altcoin
Gold_1109,Blue-Chip
Gold_1110,Altcoin
Gold_1111,Altcoin
Gold_1112,Altcoin
Gold_1113,Blue-Chip
Gold_1114,Altcoin
Gold_1116,Blue-Chip
Gold_1117,Blue-Chip
Gold_1118,Altcoin
Gold_1119,Altcoin
Gold_1120,Altcoin
Gold_1121,Altcoin
Gold_1122,Altcoin
Gold_1123,Background
Gold_1124,Altcoin
Gold_1125,Altcoin
Gold_1126,Altcoin
Gold_1127,Background
Gold_1128,Blue-Chip
Gold_1129,Altcoin
Gold_1130,Background
Gold_1131,Blue-Chip
Gold_1132,Background
Gold_1133,Background
Gold_1134,Blue-Chip
Gold_1135,Altcoin
Gold_1136,Altcoin
Gold_1137,Altcoin
Gold_1138,Background
Gold_1139,Blue-Chip
Gold_1140,Altcoin
Gold_1141,Blue-Chip
Gold_1142,Other
Gold_1143,Altcoin
Gold_1144,Blue-Chip
Gold_1145,Background
Gold_1146,Altcoin
Gold_1147,Altcoin
Gold_1148,Altcoin
Gold_1149,Altcoin
Gold_1150,Altcoin
Gold_1151,Altcoin
Gold_1152,Blue-Chip
Gold_1153,Altcoin
Gold_1154,Blue-Chip
Gold_1155,Blue-Chip
Gold_1156,Altcoin
Gold_1157,Blue-Chip
Gold_1158,Altcoin
Gold_1160,Background
Gold_1161,Blue-Chip
Gold_1162,Altcoin
Gold_1163,Altcoin
Gold_1164,Altcoin
Gold_1165,Altcoin
Gold_1166,Blue-Chip
Gold_1167,Altcoin
Gold_1168,Altcoin
Gold_1169,Altcoin
Gold_1170,Blue-Chip
Gold_1171,Altcoin
Gold_1172,Altcoin
Gold_1173,Altcoin
Gold_1174,Altcoin
Gold_1175,Altcoin
Gold_1176,Background
Gold_1177,Blue-Chip
Gold_1178,Blue-Chip
Gold_1179,Altcoin
Gold_1181,Background
Gold_1182,Blue-Chip
Gold_1183,Altcoin
Gold_1184,Altcoin
Gold_1185,Background
Gold_1186,Background
Gold_1187,Altcoin
Gold_1188,Blue-Chip
Gold_1189,Blue-Chip
Gold_1190,Altcoin
Gold_1191,Background
Gold_1192,Background
Gold_1193,Background
Gold_1194,Altcoin
Gold_1195,Altcoin
Gold_1196,Altcoin
Gold_1197,Blue-Chip
Gold_1198,Altcoin
Gold_1199,Blue-Chip
Gold_1200,Altcoin
Gold_1201,Background
Gold_1202,Altcoin
Gold_1203,Background
Gold_1204,Altcoin
Gold_1205,Background
Gold_1206,Altcoin
Gold_1207,Background
Gold_1208,Blue-Chip
Gold_1209,Altcoin
Gold_1210,Blue-Chip
Gold_1211,Blue-Chip
Gold_1212,Blue-Chip
Gold_1213,Background
Gold_1214,Altcoin
Gold_1215,Blue-Chip
Gold_1217,Altcoin
Gold_1218,Altcoin
Gold_1219,Background
Gold_1220,Background
Gold_1221,Altcoin
Gold_1222,Background
Gold_1223,Altcoin
Gold_1224,Background
Gold_1225,Background
Gold_1226,Altcoin
Gold_1228,Background
Gold_1229,Altcoin
Gold_1230,Blue-Chip
Gold_1231,Altcoin
Gold_1232,Altcoin
Gold_1233,Altcoin
Gold_1234,Background
Gold_1235,Altcoin
Gold_1236,Altcoin
Gold_1237,Blue-Chip
Gold_1238,Background
Gold_1239,Altcoin
Gold_1240,Altcoin
Gold_1241,Background
Gold_1242,Blue-Chip
Gold_1243,Altcoin
Gold_1244,Background
Gold_1245,Altcoin
Gold_1246,Blue-Chip
Gold_1247,Blue-Chip
Gold_1248,Blue-Chip
Gold_1249,Background
Gold_1250,Blue-Chip
Gold_1251,Background
Gold_1252,Altcoin
Gold_1253,Blue-Chip
Gold_1254,Altcoin
Gold_1255,Background
Gold_1256,Altcoin
Gold_1257,Altcoin
Gold_1258,Blue-Chip
Gold_1259,Altcoin
Gold_1260,Background
Gold_1261,Altcoin
Gold_1262,Background
Gold_1263,Altcoin
Gold_1264,Blue-Chip
Gold_1265,Background
Gold_1266,Blue-Chip
Gold_1267,Blue-Chip
Gold_1268,Altcoin
Gold_1269,Altcoin
Gold_1270,Background
Gold_1271,Background
Gold_1272,Altcoin
Gold_1273,Altcoin
Gold_1274,Altcoin
Gold_1275,Background
Gold_1276,Altcoin
Gold_1277,Blue-Chip
Gold_1278,Blue-Chip
Gold_1279,Altcoin
Gold_1280,Background
Gold_1281,Altcoin
Gold_1282,Altcoin
Gold_1283,Blue-Chip
Gold_1284,Altcoin
Gold_1285,Background
Gold_1286,Altcoin
Gold_1287,Blue-Chip
Gold_1288,Altcoin
Gold_1289,Altcoin
Gold_1290,Background
Gold_1291,Altcoin
Gold_1292,Blue-Chip
Gold_1293,Blue-Chip
Gold_1294,Background
Gold_1295,Blue-Chip
Gold_1296,Blue-Chip
Gold_1297,Background
Gold_1298,Blue-Chip
Gold_1299,Altcoin
Gold_1300,Blue-Chip
Gold_1301,Background
Gold_1302,Background
Gold_1303,Altcoin
Gold_1304,Blue-Chip
Gold_1305,Background
Gold_1306,Altcoin
Gold_1308,Altcoin
Gold_1309,Blue-Chip
Gold_1310,Blue-Chip
Gold_1311,Altcoin
Gold_1312,Background
Gold_1313,Altcoin
Gold_1314,Background
Gold_1315,Background
Gold_1316,Background
Gold_1317,Blue-Chip
Gold_1318,Altcoin
Gold_1319,Background
Gold_1320,Altcoin
Gold_1321,Background
Gold_1322,Background
Gold_1323,Background
Gold_1324,Blue-Chip
Gold_1325,Altcoin
Gold_1326,Altcoin
Gold_1327,Background
Gold_1328,Altcoin
Gold_1329,Altcoin
Gold_1330,Altcoin
Gold_1331,Background
Gold_1332,Background
Gold_1333,Background
Gold_1334,Background
Gold_1335,Background
Gold_1336,Altcoin
Gold_1337,Altcoin
Gold_1338,Altcoin
Gold_1339,Altcoin
Gold_1340,Altcoin
Gold_1341,Altcoin
Gold_1342,Altcoin
Gold_1343,Background
Gold_1344,Altcoin
Gold_1345,Altcoin
Gold_1346,Altcoin
Gold_1347,Altcoin
Gold_1348,Altcoin
Gold_1349,Altcoin
Gold_1350,Background
Gold_1351,Altcoin
Gold_1352,Blue-Chip
Gold_1353,Altcoin
Gold_1354,Altcoin
Gold_1355,Background
Gold_1356,Altcoin
Gold_1357,Altcoin
Gold_1358,Altcoin
Gold_1359,Altcoin
Gold_1360,Blue-Chip
Gold_1361,Blue-Chip
Gold_1362,Altcoin
Gold_1363,Altcoin
Gold_1364,Blue-Chip
Gold_1365,Altcoin
Gold_1366,Background
Gold_1367,Background
Gold_1368,Altcoin
Gold_1369,Altcoin
Gold_1370,Altcoin
Gold_1371,Altcoin
Gold_1372,Altcoin
Gold_1373,Altcoin
Gold_1374,Blue-Chip
Gold_1375,Altcoin
Gold_1376,Blue-Chip
Gold_1377,Altcoin
Gold_1378,Altcoin
Gold_1379,Altcoin
Gold_1380,Altcoin
Gold_1381,Altcoin
Gold_1382,Blue-Chip
Gold_1383,Blue-Chip
Gold_1384,Altcoin
Gold_1385,Blue-Chip
Gold_1386,Altcoin
Gold_1387,Altcoin
Gold_1388,Blue-Chip
Gold_1389,Blue-Chip
Gold_1390,Blue-Chip
Gold_1391,Blue-Chip
Gold_1392,Altcoin
Gold_1394,Altcoin
Gold_1395,Altcoin
Gold_1396,Altcoin
Gold_1397,Background
Gold_1398,Altcoin
Gold_1399,Blue-Chip
Gold_1400,Blue-Chip
Gold_1401,Altcoin
Gold_1402,Altcoin
Gold_1403,Altcoin
Gold_1404,Blue-Chip
Gold_1405,Blue-Chip
Gold_1406,Altcoin
Gold_1407,Blue-Chip
Gold_1408,Altcoin
Gold_1409,Altcoin
Gold_1410,Altcoin
Gold_1411,Blue-Chip
Gold_1412,Altcoin
Gold_1413,Blue-Chip
Gold_1414,Altcoin
Gold_1415,Background
Gold_1416,Altcoin
Gold_1417,Background
Gold_1418,Altcoin
Gold_1419,Blue-Chip
Gold_1420,Altcoin
Gold_1421,Blue-Chip
Gold_1422,Blue-Chip
Gold_1423,Altcoin
Gold_1424,Blue-Chip
Gold_1425,Altcoin
Gold_1426,Altcoin
Gold_1427,Altcoin
Gold_1428,Background
Gold_1429,Altcoin
Gold_1430,Altcoin
Gold_1431,Background
Gold_1432,Altcoin
Gold_1433,Blue-Chip
Gold_1434,Altcoin
Gold_1435,Altcoin
Gold_1436,Altcoin
Gold_1437,Background
Gold_1438,Background
Gold_1439,Blue-Chip
Gold_1440,Background
Gold_1441,Altcoin
Gold_1442,Altcoin
Gold_1443,Background
Gold_1444,Altcoin
Gold_1445,Blue-Chip
Gold_1446,Blue-Chip
Gold_1447,Blue-Chip
Gold_1448,Altcoin
Gold_1449,Blue-Chip
Gold_1450,Background
Gold_1451,Blue-Chip
Gold_1452,Altcoin
Gold_1453,Blue-Chip
Gold_1454,Altcoin
Gold_1455,Altcoin
Gold_1456,Altcoin
Gold_1457,Background
Gold_1458,Altcoin
Gold_1459,Background
Gold_1460,Altcoin
Gold_1461,Altcoin
Gold_1462,Blue-Chip
Gold_1463,Altcoin
Gold_1464,Altcoin
Gold_1465,Altcoin
Gold_1466,Altcoin
Gold_1467,Altcoin
Gold_1468,Altcoin
Gold_1469,Altcoin
Gold_1470,Blue-Chip
Gold_1471,Blue-Chip
Gold_1472,Background
Gold_1473,Altcoin
Gold_1474,Altcoin
Gold_1475,Blue-Chip
Gold_1477,Background
Gold_1478,Blue-Chip
Gold_1479,Altcoin
Gold_1480,Background
Gold_1481,Blue-Chip
Gold_1482,Altcoin
Gold_1483,Background
Gold_1484,Blue-Chip
Gold_1485,Altcoin
Gold_1486,Altcoin
Gold_1487,Background
Gold_1488,Blue-Chip
Gold_1489,Background
Gold_1490,Blue-Chip
Gold_1491,Background
Gold_1492,Altcoin
Gold_1493,Blue-Chip
Gold_1494,Altcoin
Gold_1495,Altcoin
Gold_1496,Altcoin
Gold_1497,Background
Gold_1498,Altcoin
Gold_1499,Background
Gold_1500,Altcoin
