index,sentence_id
3,Gold_4
18,Gold_20
33,Gold_35
43,Gold_46
52,Gold_55
59,Gold_63
60,Gold_64
66,Gold_70
68,Gold_72
107,Gold_111
116,Gold_122
123,Gold_129
127,Gold_133
131,Gold_138
132,Gold_139
183,Gold_190
186,Gold_193
187,Gold_194
191,Gold_198
203,Gold_210
204,Gold_211
205,Gold_212
214,Gold_221
237,Gold_245
242,Gold_250
248,Gold_256
257,Gold_265
258,Gold_266
260,Gold_268
263,Gold_271
280,Gold_288
295,Gold_303
296,Gold_304
299,Gold_307
319,Gold_327
325,Gold_333
331,Gold_339
335,Gold_345
345,Gold_355
348,Gold_358
392,Gold_402
394,Gold_404
401,Gold_411
419,Gold_429
444,Gold_454
445,Gold_455
468,Gold_478
470,Gold_480
473,Gold_483
491,Gold_502
515,Gold_526
519,Gold_530
524,Gold_535
539,Gold_550
559,Gold_570
592,Gold_603
597,Gold_608
598,Gold_609
615,Gold_628
628,Gold_642
629,Gold_643
648,Gold_662
667,Gold_683
675,Gold_691
679,Gold_696
684,Gold_701
696,Gold_713
709,Gold_727
711,Gold_729
721,Gold_740
727,Gold_746
736,Gold_755
738,Gold_757
740,Gold_759
746,Gold_766
762,Gold_782
767,Gold_787
772,Gold_793
787,Gold_808
791,Gold_812
794,Gold_815
796,Gold_817
802,Gold_823
810,Gold_831
811,Gold_832
812,Gold_833
831,Gold_852
839,Gold_860
847,Gold_869
848,Gold_871
873,Gold_896
875,Gold_898
881,Gold_904
889,Gold_913
891,Gold_915
915,Gold_939
916,Gold_940
931,Gold_955
967,Gold_992
978,Gold_1003
982,Gold_1007
983,Gold_1008
994,Gold_1020
1001,Gold_1028
1005,Gold_1032
1007,Gold_1034
1009,Gold_1036
1016,Gold_1043
1019,Gold_1046
1024,Gold_1051
1030,Gold_1059
1036,Gold_1065
1044,Gold_1073
1046,Gold_1075
1066,Gold_1095
1070,Gold_1099
1081,Gold_1113
1088,Gold_1121
1094,Gold_1127
1101,Gold_1134
1108,Gold_1141
1114,Gold_1147
1123,Gold_1156
1136,Gold_1170
1164,Gold_1199
1169,Gold_1204
1176,Gold_1211
1185,Gold_1221
1194,Gold_1231
1200,Gold_1237
1224,Gold_1261
1236,Gold_1273
1243,Gold_1280
1252,Gold_1289
1255,Gold_1292
1267,Gold_1304
1274,Gold_1312
1279,Gold_1317
1306,Gold_1344
1312,Gold_1350
1315,Gold_1353
1323,Gold_1361
1367,Gold_1406
1372,Gold_1411
1384,Gold_1423
1397,Gold_1436
1416,Gold_1455
1419,Gold_1458
1420,Gold_1459
1429,Gold_1468
