Sentence_ID,Token,Label
Gold_1020,Bitcoin,B-CRYPTO
Gold_1020,dan,O
Gold_1020,pasaran,O
Gold_1020,kripto,O
Gold_1020,sentiasa,O
Gold_1020,bergerak,O
Gold_1020,tanpa,O
Gold_1020,henti,O
Gold_1020,.,O
Gold_1020,Jika,O
Gold_1020,kita,O
Gold_1020,perhatikan,O
Gold_1020,terkini,O
Gold_1020,Bitcoin,B-CRYPTO
Gold_1020,yang,O
Gold_1020,biasanya,O
Gold_1020,bangga,O
Gold_1020,dengan,O
Gold_1020,kecairan,O
Gold_1020,247,O
Gold_1020,menjadi,O
Gold_1020,pedang,O
Gold_1020,bermata,O
Gold_1020,dua,O
Gold_1020,.,O
Gold_1020,Ketika,O
Gold_1020,pasaran,O
Gold_1020,tradisional,O
Gold_1020,bercuti,O
Gold_1020,Bitcoin,B-CRYPTO
Gold_1020,nampaknya,O
Gold_1020,tidak,O
Gold_1020,kisah,O
Gold_1020,akan,O
Gold_1020,masa,O
Gold_1020,rehat,O
Gold_1020,.,O
Gold_1020,Kecairannya,O
Gold_1020,yang,O
Gold_1020,tinggi,O
,,
Gold_256,Dear,O
Gold_256,Pemilik,O
Gold_256,Kripto,O
Gold_256,Informasi,O
Gold_256,Penting,O
Gold_256,Ini,O
Gold_256,Jadi,O
Gold_256,Kunci,O
Gold_256,Agar,O
Gold_256,Cuan,O
Gold_256,Terus,O
Gold_256,HTTPURL,O
,,
Gold_939,@USER,O
Gold_939,super,O
Gold_939,worth,O
Gold_939,it,O
Gold_939,.,O
Gold_939,aku,O
Gold_939,pernah,O
Gold_939,beli,O
Gold_939,yg,O
Gold_939,sepatu,O
Gold_939,sendal,O
Gold_939,yg,O
Gold_939,zebra,O
Gold_939,thn,O
Gold_939,2020,O
Gold_939,atau,O
Gold_939,2021,O
Gold_939,gt,O
Gold_939,ya,O
Gold_939,.,O
Gold_939,masih,O
Gold_939,bgus,O
Gold_939,smpe,O
Gold_939,skrg,O
Gold_939,.,O
Gold_939,sol,O
Gold_939,nya,O
Gold_939,jg,O
Gold_939,ga,O
Gold_939,menipis,O
Gold_939,samsek,O
,,
Gold_1156,@USER,O
Gold_1156,Asli,O
Gold_1156,pdhl,O
Gold_1156,semua,O
Gold_1156,ini,O
Gold_1156,bisa,O
Gold_1156,dihindari,O
Gold_1156,dgn,O
Gold_1156,basic,O
Gold_1156,empathy,O
Gold_1156,buyer,O
Gold_1156,memahami,O
Gold_1156,kalo,O
Gold_1156,seller,O
Gold_1156,capek,O
Gold_1156,so,O
Gold_1156,it,O
Gold_1156,s,O
Gold_1156,okay,O
Gold_1156,kalo,O
Gold_1156,pas,O
Gold_1156,dia,O
Gold_1156,dateng,O
Gold_1156,seller,O
Gold_1156,keliatan,O
Gold_1156,ga,O
Gold_1156,hype,O
Gold_1156,.,O
Gold_1156,Tp,O
Gold_1156,di,O
Gold_1156,satu,O
Gold_1156,sisi,O
Gold_1156,seller,O
Gold_1156,jg,O
Gold_1156,hrs,O
Gold_1156,memahami,O
Gold_1156,kalo,O
Gold_1156,buyer,O
Gold_1156,juga,O
Gold_1156,beli,O
Gold_1156,barang,O
Gold_1156,kita,O
Gold_1156,dgn,O
Gold_1156,uang,O
Gold_1156,yg,O
Gold_1156,ga,O
Gold_1156,mudah,O
Gold_1156,didapetin,O
Gold_1156,jd,O
,,
Gold_1344,Sebuah,O
Gold_1344,pencapaian,O
Gold_1344,yang,O
Gold_1344,luar,O
Gold_1344,biasa,O
Gold_1344,akan,O
Gold_1344,terjadi,O
Gold_1344,tetap,O
Gold_1344,fokus,O
Gold_1344,bantu,O
Gold_1344,dengan,O
Gold_1344,barter,O
Gold_1344,P2P,O
Gold_1344,.,O
Gold_1344,jika,O
Gold_1344,ada,O
Gold_1344,dana,O
Gold_1344,lebih,O
Gold_1344,beli,O
Gold_1344,koin,O
Gold_1344,pi,B-CRYPTO
Gold_1344,di,O
Gold_1344,bursa,O
Gold_1344,jual,O
Gold_1344,jangan,O
Gold_1344,di,O
Gold_1344,bawah,O
Gold_1344,harga,O
Gold_1344,GCV,O
Gold_1344,atau,O
Gold_1344,biarkan,O
Gold_1344,tetap,O
Gold_1344,di,O
Gold_1344,bursa,O
Gold_1344,.,O
Gold_1344,terima,O
Gold_1344,kasih,O
Gold_1344,perjuanganmu,O
Gold_1344,@USER,O
,,
Gold_271,Airdrops,O
Gold_271,untuk,O
Gold_271,memberikan,O
Gold_271,token,O
Gold_271,gratis,O
Gold_271,kepada,O
Gold_271,pemegang,O
Gold_271,BNB,B-CRYPTO
Gold_271,yang,O
Gold_271,berpartisipasi,O
Gold_271,dalam,O
Gold_271,produk,O
Gold_271,Simple,O
Gold_271,Earn,O
Gold_271,.,O
Gold_271,Berikut,O
Gold_271,langkah,O
Gold_271,-,O
Gold_271,langkah,O
Gold_271,untuk,O
Gold_271,berpartisipasi,O
Gold_271,1,O
Gold_271,.,O
Gold_271,Verifikasi,O
Gold_271,Akun,O
Gold_271,Binance,O
Gold_271,Pastikan,O
Gold_271,akun,O
Gold_271,Anda,O
Gold_271,telah,O
Gold_271,melewati,O
Gold_271,proses,O
Gold_271,KYC,O
Gold_271,dan,O
Gold_271,berada,O
Gold_271,di,O
Gold_271,yurisdiksi,O
Gold_271,yang,O
Gold_271,memenuhi,O
Gold_271,syarat,O
Gold_271,.,O
Gold_271,2,O
Gold_271,.,O
Gold_271,Beli,O
,,
Gold_871,keren,O
Gold_871,bgttt,O
Gold_871,yaa,O
Gold_871,hasil,O
Gold_871,dari,O
Gold_871,kripto,O
Gold_871,yg,O
Gold_871,bisa,O
Gold_871,jd,O
Gold_871,cuan,O
Gold_871,bisa,O
Gold_871,beli,O
Gold_871,mobil,O
Gold_871,mewah,O
Gold_871,bahkan,O
Gold_871,rumah,O
Gold_871,impian,O
Gold_871,cuannya,O
Gold_871,ngalir,O
Gold_871,terusss,O
Gold_871,.,O
Gold_871,#InKJOWeTrust,O
Gold_871,HTTPURL,O
Gold_871,HTTPURL,O
,,
Gold_1046,saya,O
Gold_1046,cuma,O
Gold_1046,kasi,O
Gold_1046,waktu,O
Gold_1046,buat,O
Gold_1046,analisa,O
Gold_1046,yang,O
Gold_1046,udah,O
Gold_1046,di,O
Gold_1046,buat,O
Gold_1046,bekerja,O
Gold_1046,bang,O
Gold_1046,menyesuaikan,O
Gold_1046,plan,O
Gold_1046,dengan,O
Gold_1046,eksekusi,O
Gold_1046,nya,O
Gold_1046,cuan,O
Gold_1046,nya,O
Gold_1046,cuma,O
Gold_1046,bonus,O
Gold_1046,ilmu,O
Gold_1046,dan,O
Gold_1046,pengalamannya,O
Gold_1046,yang,O
Gold_1046,paling,O
Gold_1046,penting,O
Gold_1046,di,O
Gold_1046,IPO,O
Gold_1046,ADMR,O
Gold_1046,gw,O
Gold_1046,belajarnya,O
Gold_1046,di,O
Gold_1046,IPO,O
Gold_1046,COIN,O
Gold_1046,gw,O
Gold_1046,panennya,O
,,
Gold_1261,@USER,O
Gold_1261,Kalo,O
Gold_1261,ada,O
Gold_1261,token,O
Gold_1261,beli,O
Gold_1261,yang,O
Gold_1261,sanrio,O
Gold_1261,dulu,O
Gold_1261,aja,O
Gold_1261,nder,O
Gold_1261,.,O
,,
Gold_1147,Sesuai,O
Gold_1147,Prediksi,O
Gold_1147,aku,O
Gold_1147,Link,B-CRYPTO
Gold_1147,lepas,O
Gold_1147,landas,O
Gold_1147,Koreksi,O
Gold_1147,ini,O
Gold_1147,koreksi,O
Gold_1147,indikasi,O
Gold_1147,Whales,O
Gold_1147,Take,O
Gold_1147,profit,O
Gold_1147,aku,O
Gold_1147,sdh,O
Gold_1147,dulu,O
Gold_1147,take,O
Gold_1147,profit,O
Gold_1147,Alhamdulilah,O
Gold_1147,pergerkan,O
Gold_1147,whales,O
Gold_1147,itu,O
Gold_1147,bsa,O
Gold_1147,di,O
Gold_1147,baca,O
Gold_1147,baik,O
Gold_1147,secara,O
Gold_1147,bid,O
Gold_1147,order,O
Gold_1147,maupun,O
Gold_1147,secara,O
Gold_1147,teknikal,O
Gold_1147,analisis,O
Gold_1147,jgn,O
Gold_1147,melawan,O
Gold_1147,arus,O
Gold_1147,.,O
Gold_1147,whales,O
Gold_1147,entry,O
Gold_1147,kita,O
Gold_1147,juga,O
Gold_1147,entry,O
Gold_1147,koin,O
Gold_1147,naik,O
Gold_1147,HTTPURL,O
,,
Gold_757,Terlepas,O
Gold_757,dari,O
Gold_757,koin,O
Gold_757,berwarna,O
Gold_757,saya,O
Gold_757,tidak,O
Gold_757,bisa,O
Gold_757,memikirkan,O
Gold_757,model,O
Gold_757,penerbitan,O
Gold_757,aset,O
Gold_757,yang,O
Gold_757,lebih,O
Gold_757,baik,O
Gold_757,.,O
Gold_757,Sekarang,O
Gold_757,pilih,O
Gold_757,$quark,B-CRYPTO
Gold_757,yaitu,O
Gold_757,membeli,O
Gold_757,ETH,B-CRYPTO
Gold_757,dengan,O
Gold_757,harga,O
Gold_757,yang,O
Gold_757,sangat,O
Gold_757,rendah,O
Gold_757,sepuluh,O
Gold_757,tahun,O
Gold_757,yang,O
Gold_757,lalu,O
Gold_757,.,O
Gold_757,#Atomicals,O
Gold_757,#ARC20,O
Gold_757,#QUARK,B-CRYPTO
Gold_757,HTTPURL,O
,,
Gold_1204,@USER,O
Gold_1204,@USER,O
Gold_1204,@USER,O
Gold_1204,betul,O
Gold_1204,itu,O
Gold_1204,juga,O
Gold_1204,yang,O
Gold_1204,memperkuat,O
Gold_1204,project,O
Gold_1204,ini,O
Gold_1204,.,O
Gold_1204,jadi,O
Gold_1204,semua,O
Gold_1204,harus,O
Gold_1204,fair,O
Gold_1204,.,O
Gold_1204,kalau,O
Gold_1204,tetap,O
Gold_1204,ingin,O
Gold_1204,farming,O
Gold_1204,token,O
Gold_1204,ga,O
Gold_1204,boleh,O
Gold_1204,jual,O
Gold_1204,kalau,O
Gold_1204,mau,O
Gold_1204,take,O
Gold_1204,profit,O
Gold_1204,lu,O
Gold_1204,kena,O
Gold_1204,skors,O
Gold_1204,1,O
Gold_1204,minggu,O
,,
Gold_608,selama,O
Gold_608,ini,O
Gold_608,akhirnya,O
Gold_608,selalu,O
Gold_608,bisa,O
Gold_608,beli,O
Gold_608,semua,O
Gold_608,bangunan,O
Gold_608,tanpa,O
Gold_608,kurang,O
Gold_608,koin,O
Gold_608,karna,O
Gold_608,ngelakuin,O
Gold_608,ini,O
Gold_608,trs,O
Gold_608,xixixi,O
Gold_608,.,O
Gold_608,terus,O
Gold_608,pas,O
Gold_608,booster,O
Gold_608,nyala,O
Gold_608,baru,O
Gold_608,kejar,O
Gold_608,puzzle,O
Gold_608,jadinya,O
Gold_608,bisa,O
Gold_608,ngejar,O
Gold_608,yang,O
Gold_608,rank,O
Gold_608,1,O
Gold_608,atau,O
Gold_608,missionnya,O
Gold_608,buat,O
Gold_608,dapet,O
Gold_608,500,O
Gold_608,tcash,O
Gold_608,atau,O
Gold_608,yang,O
Gold_608,voucher,O
Gold_608,isi,O
Gold_608,pesanan,O
Gold_608,kereta,O
Gold_608,pesawat,O
Gold_608,dan,O
Gold_608,zoo,O
,,
Gold_64,Ardalyn,O
Gold_64,Hallo,O
Gold_64,market,O
Gold_64,maker,O
Gold_64,aku,O
Gold_64,butuh,O
Gold_64,beli,O
Gold_64,di,O
Gold_64,harga,O
Gold_64,murah,O
Gold_64,bisakah,O
Gold_64,bantu,O
Gold_64,aku,O
Gold_64,untuk,O
Gold_64,bantai,O
Gold_64,orang,O
Gold_64,yg,O
Gold_64,nge,O
Gold_64,long,O
Gold_64,dulu,O
Gold_64,?,O
Gold_64,$BTC,B-CRYPTO
Gold_64,102K,O
Gold_64,plis,O
Gold_64,Market,O
Gold_64,maker,O
Gold_64,baik,O
Gold_64,kami,O
Gold_64,usahakan,O
Gold_64,bu,O
Gold_64,dok,O
Gold_64,ONLY,O
Gold_64,JOKES,O
Gold_64,ALWAYS,O
Gold_64,DYOR,O
,,
Gold_823,Kalau,O
Gold_823,Kamu,O
Gold_823,Trader,O
Gold_823,Pemula,O
Gold_823,.,O
Gold_823,Langkah,O
Gold_823,Pertamamu,O
Gold_823,Adalah,O
Gold_823,.,O
Gold_823,.,O
Gold_823,.,O
Gold_823,A,O
Gold_823,.,O
Gold_823,Beli,O
Gold_823,koin,O
Gold_823,karena,O
Gold_823,FOMO,O
Gold_823,B,O
Gold_823,.,O
Gold_823,Belajar,O
Gold_823,lewat,O
Gold_823,video,O
Gold_823,edukasi,O
Gold_823,dulu,O
Gold_823,Komen,O
Gold_823,kamu,O
Gold_823,pilih,O
Gold_823,AB,O
Gold_823,yuk,O
Gold_823,#floqforfreedom,O
Gold_823,#cryptomadeeasy,O
Gold_823,#forfreedom,O
Gold_823,#floqid,O
Gold_823,HTTPURL,O
,,
Gold_212,Dulunya,O
Gold_212,market,O
Gold_212,crypto,O
Gold_212,adalah,O
Gold_212,tempat,O
Gold_212,cuan,O
Gold_212,untuk,O
Gold_212,orang2,O
Gold_212,cerdas,O
Gold_212,srkng,O
Gold_212,sudah,O
Gold_212,beda,O
Gold_212,orang2,O
Gold_212,sampah,O
Gold_212,juga,O
Gold_212,bisa,O
Gold_212,cuan,O
Gold_212,lewat,O
Gold_212,memecoin,O
Gold_212,hanya,O
Gold_212,mengandalkan,O
Gold_212,lucky,O
Gold_212,.,O
Gold_212,.,O
Gold_212,Saja,O
Gold_212,.,O
Gold_212,.,O
Gold_212,Pasaran,O
Gold_212,crypto,O
Gold_212,sekarang,O
Gold_212,sangat,O
Gold_212,menyedihkan,O
Gold_212,.,O
Gold_212,.,O
,,
Gold_896,TUNGGU,O
Gold_896,SEBENTAR,O
Gold_896,YAAA,O
Gold_896,zizi,O
Gold_896,mau,O
Gold_896,beli,O
Gold_896,pecel,O
Gold_896,lele,O
Gold_896,dulu,O
Gold_896,baru,O
Gold_896,add,O
Gold_896,form,O
Gold_896,nya,O
Gold_896,di,O
Gold_896,pinned,O
Gold_896,.,O
Gold_896,Btw,O
Gold_896,kalau,O
Gold_896,lewat,O
Gold_896,zizi,O
Gold_896,minta,O
Gold_896,tolong,O
Gold_896,hype,O
Gold_896,nyaa,O
Gold_896,yaww,O
Gold_896,3,O
Gold_896,mamacii,O
Gold_896,!,O
,,
Gold_526,Ada,O
Gold_526,bocil,O
Gold_526,yg,O
Gold_526,teriak,O
Gold_526,permisi,O
Gold_526,!,O
Gold_526,Beli,O
Gold_526,!,O
Gold_526,Me,O
Gold_526,iya,O
Gold_526,?,O
Gold_526,Beli,O
Gold_526,token,O
Gold_526,?,O
Gold_526,Karena,O
Gold_526,langganan,O
Gold_526,Bocilnya,O
Gold_526,malah,O
Gold_526,pringas,O
Gold_526,pringis,O
Gold_526,gk,O
Gold_526,jelas,O
Gold_526,trus,O
Gold_526,bilang,O
Gold_526,enggak,O
Gold_526,hehe,O
Gold_526,mau,O
Gold_526,liat,O
Gold_526,kucing,O
Gold_526,Me,O
Gold_526,gada,O
Gold_526,Ekspresi,O
Gold_526,gue,O
Gold_526,?,O
Gold_526,Bombastic,O
Gold_526,side,O
Gold_526,eyes,O
Gold_526,anying,O
Gold_526,dulu,O
Gold_526,aja,O
Gold_526,pas,O
Gold_526,bayi,O
Gold_526,meng,O
Gold_526,gue,O
Gold_526,pernah,O
Gold_526,dibanting,O
Gold_526,ama,O
Gold_526,dia,O
Gold_526,buat,O
Gold_526,mainan,O
,,
Gold_265,BREAKING,O
Gold_265,Mulai,O
Gold_265,1,O
Gold_265,Agustus,O
Gold_265,2025,O
Gold_265,pajak,O
Gold_265,kripto,O
Gold_265,di,O
Gold_265,Indonesia,O
Gold_265,naik,O
Gold_265,!,O
Gold_265,Yup,O
Gold_265,bukan,O
Gold_265,cuma,O
Gold_265,trader,O
Gold_265,tapi,O
Gold_265,miner,O
Gold_265,juga,O
Gold_265,kena,O
Gold_265,!,O
Gold_265,Biar,O
Gold_265,gak,O
Gold_265,cuma,O
Gold_265,bengong,O
Gold_265,yuk,O
Gold_265,kita,O
Gold_265,bedah,O
Gold_265,bareng,O
Gold_265,kasih,O
Gold_265,tips,O
Gold_265,biar,O
Gold_265,gak,O
Gold_265,rugi,O
Gold_265,Apa,O
Gold_265,yang,O
Gold_265,berubah,O
Gold_265,?,O
Gold_265,Jual,O
Gold_265,kripto,O
Gold_265,di,O
Gold_265,bursa,O
Gold_265,lokal,O
Gold_265,Pajak,O
Gold_265,naik,O
Gold_265,dari,O
Gold_265,0,O
Gold_265,1,O
Gold_265,jadi,O
Gold_265,0,O
Gold_265,21,O
Gold_265,HTTPURL,O
,,
Gold_1289,@USER,O
Gold_1289,modal,O
Gold_1289,weekly,O
Gold_1289,dua,O
Gold_1289,kali,O
Gold_1289,beli,O
Gold_1289,trs,O
Gold_1289,pwaktu,O
Gold_1289,itu,O
Gold_1289,ada,O
Gold_1289,event,O
Gold_1289,topup,O
Gold_1289,berapa,O
Gold_1289,aja,O
Gold_1289,5,O
Gold_1289,hari,O
Gold_1289,dpt,O
Gold_1289,free,O
Gold_1289,5,O
Gold_1289,token,O
Gold_1289,trs,O
Gold_1289,ada,O
Gold_1289,event,O
Gold_1289,login,O
Gold_1289,dpt,O
Gold_1289,5,O
Gold_1289,token,O
Gold_1289,free,O
Gold_1289,lagi,O
Gold_1289,trs,O
Gold_1289,tiap,O
Gold_1289,harinya,O
Gold_1289,w,O
Gold_1289,spin,O
Gold_1289,sekali,O
Gold_1289,pake,O
Gold_1289,yang,O
Gold_1289,diskonan,O
Gold_1289,.,O
Gold_1289,sama,O
Gold_1289,spin,O
Gold_1289,10x,O
Gold_1289,jg,O
Gold_1289,diskonan,O
Gold_1289,.,O
Gold_1289,ya,O
Gold_1289,cuma,O
Gold_1289,keluar,O
Gold_1289,less,O
Gold_1289,than,O
Gold_1289,200k,O
Gold_1289,lah,O
,,
Gold_904,Kita,O
Gold_904,lanjutkan,O
Gold_904,dengan,O
Gold_904,analisis,O
Gold_904,dampak,O
Gold_904,dari,O
Gold_904,kesalahan,O
Gold_904,logika,O
Gold_904,Elon,O
Gold_904,Musk,O
Gold_904,terhadap,O
Gold_904,pasar,O
Gold_904,geopolitik,O
Gold_904,dan,O
Gold_904,masyarakat,O
Gold_904,digital,O
Gold_904,disusun,O
Gold_904,secara,O
Gold_904,sistemik,O
Gold_904,agar,O
Gold_904,dapat,O
Gold_904,diacu,O
Gold_904,dalam,O
Gold_904,pengambilan,O
Gold_904,keputusan,O
Gold_904,strategis,O
Gold_904,I,O
Gold_904,.,O
Gold_904,Dampak,O
Gold_904,Terhadap,O
Gold_904,Pasar,O
Gold_904,1,O
Gold_904,.,O
Gold_904,Volatilitas,O
Gold_904,Pasar,O
Gold_904,karena,O
Gold_904,Ucapan,O
Gold_904,Pribadi,O
Gold_904,Contoh,O
,,
Gold_46,@USER,O
Gold_46,padahal,O
Gold_46,si,O
Gold_46,binance,O
Gold_46,ini,O
Gold_46,ulah,O
Gold_46,kemarin,O
Gold_46,yang,O
Gold_46,jual,O
Gold_46,kwowkwow,O
Gold_46,.,O
Gold_46,bilangnya,O
Gold_46,sistem,O
Gold_46,trading,O
Gold_46,eror,O
Gold_46,.,O
Gold_46,tapi,O
Gold_46,di,O
Gold_46,balik,O
Gold_46,onchain,O
Gold_46,dia,O
Gold_46,kirim,O
Gold_46,banyak,O
Gold_46,btc,B-CRYPTO
Gold_46,ke,O
Gold_46,wintermute,O
,,
Gold_713,Fyi,O
Gold_713,untuk,O
Gold_713,Yang,O
Gold_713,beli,O
Gold_713,set,O
Gold_713,knp,O
Gold_713,harganya,O
Gold_713,murah,O
Gold_713,karena,O
Gold_713,box,O
Gold_713,nya,O
Gold_713,defect,O
Gold_713,tpi,O
Gold_713,dikit,O
Gold_713,doang,O
Gold_713,ko,O
Gold_713,guys,O
Gold_713,ujung,O
Gold_713,nya,O
Gold_713,aja,O
Gold_713,gtu,O
Gold_713,SET,O
Gold_713,BANA,O
Gold_713,BNB,O
Gold_713,KIT,O
Gold_713,630,O
Gold_713,.,O
Gold_713,0,O
Gold_713,Fullpay,O
Gold_713,Pouch,O
Gold_713,welcome,O
Gold_713,card,O
Gold_713,58,O
Gold_713,.,O
Gold_713,0,O
Gold_713,DP,O
Gold_713,30,O
Gold_713,.,O
Gold_713,0,O
Gold_713,Stiker,O
Gold_713,pack,O
Gold_713,set,O
Gold_713,Game,O
Gold_713,pack,O
Gold_713,48,O
Gold_713,.,O
Gold_713,0,O
Gold_713,DP,O
Gold_713,25,O
Gold_713,.,O
Gold_713,0,O
,,
Gold_898,Cuan,O
Gold_898,dari,O
Gold_898,Unich,B-CRYPTO
Gold_898,Airdrop,O
Gold_898,?,O
Gold_898,Dapatkan,O
Gold_898,Token,O
Gold_898,$UN,B-CRYPTO
Gold_898,Gratis,O
Gold_898,!,O
Gold_898,To,O
Gold_898,The,O
Gold_898,moon,O
Gold_898,Unich,B-CRYPTO
Gold_898,HTTPURL,O
,,
Gold_1008,Apa,O
Gold_1008,itu,O
Gold_1008,Bull,O
Gold_1008,Run,O
Gold_1008,?,O
Gold_1008,Bull,O
Gold_1008,run,O
Gold_1008,adalah,O
Gold_1008,kondisi,O
Gold_1008,pasar,O
Gold_1008,saat,O
Gold_1008,harga,O
Gold_1008,-,O
Gold_1008,harga,O
Gold_1008,aset,O
Gold_1008,seperti,O
Gold_1008,Bitcoin,B-CRYPTO
Gold_1008,amp,O
Gold_1008,altcoin,O
Gold_1008,naik,O
Gold_1008,terus,O
Gold_1008,dalam,O
Gold_1008,waktu,O
Gold_1008,lama,O
Gold_1008,.,O
Gold_1008,Investor,O
Gold_1008,panik,O
Gold_1008,beli,O
Gold_1008,FOMO,O
Gold_1008,dan,O
Gold_1008,semua,O
Gold_1008,orang,O
Gold_1008,terlihat,O
Gold_1008,cuan,O
Gold_1008,.,O
Gold_1008,Ciri,O
Gold_1008,-,O
Gold_1008,cirinya,O
Gold_1008,Harga,O
Gold_1008,naik,O
Gold_1008,tajam,O
Gold_1008,Sentimen,O
Gold_1008,positif,O
Gold_1008,Banyak,O
Gold_1008,project,O
Gold_1008,hype,O
Gold_1008,HTTPURL,O
,,
Gold_72,@USER,O
Gold_72,@USER,O
Gold_72,@USER,O
Gold_72,Kan,O
Gold_72,netijen,O
Gold_72,pada,O
Gold_72,minta,O
Gold_72,si,O
Gold_72,kelon,O
Gold_72,beli,O
Gold_72,twitter,O
Gold_72,krn,O
Gold_72,twitter,O
Gold_72,udah,O
Gold_72,sampah,O
Gold_72,ga,O
Gold_72,tau,O
Gold_72,makin,O
Gold_72,sampah,O
Gold_72,lagi,O
Gold_72,pas,O
Gold_72,udah,O
Gold_72,dibeli,O
Gold_72,si,O
Gold_72,kelon,O
Gold_72,.,O
Gold_72,User2nya,O
Gold_72,udah,O
Gold_72,beda,O
Gold_72,polanya,O
Gold_72,.,O
Gold_72,Era,O
Gold_72,2012,O
Gold_72,-,O
Gold_72,2017,O
Gold_72,msh,O
Gold_72,hype,O
Gold_72,org,O
Gold_72,brkata,O
Gold_72,-,O
Gold_72,kata,O
Gold_72,Taun,O
Gold_72,2017,O
Gold_72,pun,O
Gold_72,di,O
Gold_72,twiter,O
Gold_72,indo,O
Gold_72,udh,O
Gold_72,agak,O
Gold_72,sepi,O
Gold_72,org2,O
Gold_72,yg,O
Gold_72,punya,O
Gold_72,big,O
Gold_72,influence,O
Gold_72,udh,O
Gold_72,jrng,O
Gold_72,aktif,O
,,
Gold_454,Cuan,O
Gold_454,Gak,O
Gold_454,Perlu,O
Gold_454,Modal,O
Gold_454,Banyak,O
Gold_454,Cuma,O
Gold_454,Butuh,O
Gold_454,Niat,O
Gold_454,amp,O
Gold_454,Kuota,O
Gold_454,!,O
Gold_454,Modal,O
Gold_454,niat,O
Gold_454,doang,O
Gold_454,udah,O
Gold_454,bisa,O
Gold_454,cuan,O
Gold_454,brooo,O
Gold_454,Gak,O
Gold_454,perlu,O
Gold_454,ribet,O
Gold_454,cukup,O
Gold_454,punya,O
Gold_454,kuota,O
Gold_454,amp,O
Gold_454,waktu,O
Gold_454,luang,O
Gold_454,Udah,O
Gold_454,gitu,O
Gold_454,bisa,O
Gold_454,dapet,O
Gold_454,token,O
Gold_454,gratis,O
Gold_454,chance,O
Gold_454,menang,O
Gold_454,"$1,000 ",O
Gold_454,USDT,B-CRYPTO
Gold_454,Gini,O
Gold_454,caranya,O
Gold_454,1,O
Gold_454,Join,O
Gold_454,Zealy,O
Gold_454,HTTPURL,O
Gold_454,2,O
,,
Gold_530,Kejayaan,O
Gold_530,dalam,O
Gold_530,industri,O
Gold_530,permainan,O
Gold_530,video,O
Gold_530,tidak,O
Gold_530,pernah,O
Gold_530,berhenti,O
Gold_530,dan,O
Gold_530,kali,O
Gold_530,ini,O
Gold_530,Assassins,O
Gold_530,Creed,O
Gold_530,mencatat,O
Gold_530,dua,O
Gold_530,pencapaian,O
Gold_530,cemerlang,O
Gold_530,yang,O
Gold_530,luar,O
Gold_530,biasa,O
Gold_530,.,O
Gold_530,Kedua,O
Gold_530,-,O
Gold_530,dua,O
Gold_530,siri,O
Gold_530,Odyssey,O
Gold_530,dan,O
Gold_530,Origins,O
Gold_530,telah,O
Gold_530,mencapai,O
Gold_530,40,O
Gold_530,juta,O
Gold_530,pemain,O
Gold_530,setiap,O
Gold_530,satu,O
Gold_530,mencipta,O
Gold_530,rekod,O
Gold_530,baru,O
Gold_530,dalam,O
Gold_530,franchise,O
Gold_530,ini,O
Gold_530,.,O
Gold_530,Apabila,O
,,
Gold_535,@USER,O
Gold_535,Harga,O
Gold_535,koin,O
Gold_535,Pi,B-CRYPTO
Gold_535,hasil,O
Gold_535,nambang,O
Gold_535,apakah,O
Gold_535,sama,O
Gold_535,nilainya,O
Gold_535,dengan,O
Gold_535,harga,O
Gold_535,di,O
Gold_535,bursa,O
Gold_535,?,O
,,
Gold_20,#SundayWrap,O
Gold_20,Deals,O
Gold_20,Data,O
Gold_20,and,O
Gold_20,Bitcoin,B-CRYPTO
Gold_20,Diplomacy,O
Gold_20,Minggu,O
Gold_20,ini,O
Gold_20,bukan,O
Gold_20,cuma,O
Gold_20,soal,O
Gold_20,chart,O
Gold_20,.,O
Gold_20,Dari,O
Gold_20,Washington,O
Gold_20,ke,O
Gold_20,Beijing,O
Gold_20,Riyadh,O
Gold_20,ke,O
Gold_20,Tokyo,O
Gold_20,Bitcoin,B-CRYPTO
Gold_20,makin,O
Gold_20,masuk,O
Gold_20,panggung,O
Gold_20,utama,O
Gold_20,inflasi,O
Gold_20,nyaris,O
Gold_20,dikunci,O
Gold_20,dan,O
Gold_20,narasi,O
Gold_20,adopsi,O
Gold_20,makin,O
Gold_20,tegas,O
Gold_20,.,O
Gold_20,#SundayWrap,O
Gold_20,dimulai,O
Gold_20,.,O
Gold_20,Makro,O
Gold_20,amp,O
Gold_20,Geopolitik,O
Gold_20,HTTPURL,O
,,
Gold_1423,Barusan,O
Gold_1423,gw,O
Gold_1423,suruh,O
Gold_1423,bapak,O
Gold_1423,gw,O
Gold_1423,buat,O
Gold_1423,jual,O
Gold_1423,tanahnya,O
Gold_1423,buat,O
Gold_1423,all,O
Gold_1423,in,O
Gold_1423,$hype,B-CRYPTO
Gold_1423,Hyperliquid,B-CRYPTO
,,
Gold_662,Kalau,O
Gold_662,token,O
Gold_662,cuma,O
Gold_662,naik,O
Gold_662,gara,O
Gold_662,-,O
Gold_662,gara,O
Gold_662,influencer,O
Gold_662,siap,O
Gold_662,-,O
Gold_662,siap,O
Gold_662,nyangkut,O
Gold_662,.,O
Gold_662,#BybitIndonesia,O
,,
Gold_198,@USER,O
Gold_198,Soalnya,O
Gold_198,thesis,O
Gold_198,gw,O
Gold_198,itu,O
Gold_198,semua,O
Gold_198,bakal,O
Gold_198,terbang,O
Gold_198,.,O
Gold_198,Gold,O
Gold_198,dan,O
Gold_198,copper,O
Gold_198,jg,O
Gold_198,terbang,O
Gold_198,barengan,O
Gold_198,sih,O
Gold_198,.,O
Gold_198,BTC,B-CRYPTO
Gold_198,dan,O
Gold_198,alts,O
Gold_198,juga,O
Gold_198,ikutan,O
Gold_198,.,O
Gold_198,Pokoknya,O
Gold_198,terbang,O
Gold_198,semua,O
Gold_198,Dan,O
Gold_198,jatuhnya,O
Gold_198,barengan,O
Gold_198,semua,O
Gold_198,juga,O
,,
Gold_266,@USER,O
Gold_266,kayaknya,O
Gold_266,mahal,O
Gold_266,di,O
Gold_266,lapangannya,O
Gold_266,aja,O
Gold_266,sih,O
Gold_266,krn,O
Gold_266,lg,O
Gold_266,hype,O
Gold_266,bgt,O
Gold_266,sama,O
Gold_266,raket,O
Gold_266,palingan,O
Gold_266,klo,O
Gold_266,beli,O
Gold_266,tp,O
Gold_266,raket,O
Gold_266,ada,O
Gold_266,disewain,O
Gold_266,di,O
Gold_266,lapangan,O
Gold_266,dari,O
Gold_266,50k,O
Gold_266,-,O
Gold_266,200k,O
Gold_266,tergantung,O
Gold_266,jenis,O
Gold_266,raketnya,O
Gold_266,selebihnya,O
Gold_266,ya,O
Gold_266,yg,O
Gold_266,nempel,O
Gold_266,di,O
Gold_266,badan,O
Gold_266,kita,O
Gold_266,dari,O
Gold_266,ujung,O
Gold_266,kepala,O
Gold_266,sampe,O
Gold_266,ujung,O
Gold_266,kaki,O
Gold_266,tinggal,O
Gold_266,pilih,O
Gold_266,mau,O
Gold_266,yg,O
Gold_266,mahal,O
Gold_266,apa,O
Gold_266,yg,O
Gold_266,biasa,O
Gold_266,aja,O
,,
Gold_1406,@USER,O
Gold_1406,kak,O
Gold_1406,aku,O
Gold_1406,waktu,O
Gold_1406,awal,O
Gold_1406,main,O
Gold_1406,cara,O
Gold_1406,grinding,O
Gold_1406,uangnya,O
Gold_1406,cari,O
Gold_1406,org,O
Gold_1406,yg,O
Gold_1406,jual,O
Gold_1406,x10,O
Gold_1406,tapi,O
Gold_1406,cuma,O
Gold_1406,1,O
Gold_1406,koin,O
Gold_1406,di,O
Gold_1406,koran,O
Gold_1406,.,O
Gold_1406,itu,O
Gold_1406,aku,O
Gold_1406,beli,O
Gold_1406,terus,O
Gold_1406,aku,O
Gold_1406,jual,O
Gold_1406,lg,O
Gold_1406,tapi,O
Gold_1406,harga,O
Gold_1406,max,O
Gold_1406,wkwk,O
Gold_1406,lumayan,O
Gold_1406,banget,O
Gold_1406,selisihnya,O
Gold_1406,soalnya,O
,,
Gold_1065,Twit,O
Gold_1065,ini,O
Gold_1065,ada,O
Gold_1065,juga,O
Gold_1065,bukan,O
Gold_1065,tanpa,O
Gold_1065,alasan,O
Gold_1065,.,O
Gold_1065,.,O
Gold_1065,.,O
Gold_1065,Mengalami,O
Gold_1065,dan,O
Gold_1065,menjalani,O
Gold_1065,saja,O
Gold_1065,belum,O
Gold_1065,cukup,O
Gold_1065,web3,O
Gold_1065,itu,O
Gold_1065,luas,O
Gold_1065,tidak,O
Gold_1065,sebatas,O
Gold_1065,trading,O
Gold_1065,cuan,O
Gold_1065,elig,O
Gold_1065,airdrop,O
Gold_1065,nuyul,O
Gold_1065,dsb,O
Gold_1065,.,O
Gold_1065,.,O
Gold_1065,.,O
Gold_1065,Komentar2,O
Gold_1065,sarkastik,O
Gold_1065,malah,O
Gold_1065,memberikan,O
Gold_1065,gw,O
Gold_1065,pemahaman,O
Gold_1065,dan,O
Gold_1065,menegaskan,O
Gold_1065,twit,O
Gold_1065,ini,O
Gold_1065,HTTPURL,O
,,
Gold_303,Eh,O
Gold_303,masih,O
Gold_303,gue,O
Gold_303,liatin,O
Gold_303,nih,O
Gold_303,lo,O
Gold_303,yang,O
Gold_303,masuk,O
Gold_303,kripto,O
Gold_303,gara,O
Gold_303,-,O
Gold_303,gara,O
Gold_303,FOMO,O
Gold_303,.,O
Gold_303,Sebagai,O
Gold_303,analis,O
Gold_303,yang,O
Gold_303,pinter,O
Gold_303,dan,O
Gold_303,gak,O
Gold_303,mau,O
Gold_303,rugi,O
Gold_303,gue,O
Gold_303,spill,O
Gold_303,ya,O
Gold_303,risikonya,O
Gold_303,kalau,O
Gold_303,lo,O
Gold_303,masuk,O
Gold_303,kripto,O
Gold_303,gara2,O
Gold_303,FOMO,O
Gold_303,doang,O
Gold_303,1,O
Gold_303,.,O
Gold_303,Beli,O
Gold_303,di,O
Gold_303,pucuk,O
Gold_303,jual,O
Gold_303,di,O
Gold_303,bawah,O
Gold_303,.,O
Gold_303,Masuk,O
Gold_303,pas,O
Gold_303,market,O
Gold_303,lagi,O
Gold_303,heboh,O
Gold_303,panik,O
Gold_303,pas,O
Gold_303,turun,O
Gold_303,.,O
Gold_303,Ujung,O
Gold_303,-,O
Gold_303,ujungnya,O
Gold_303,rugi,O
Gold_303,terus,O
Gold_303,HTTPURL,O
,,
Gold_1317,Mereka,O
Gold_1317,beli,O
Gold_1317,15,O
Gold_1317,.,O
Gold_1317,822,O
Gold_1317,ETH,B-CRYPTO
Gold_1317,dalam,O
Gold_1317,48,O
Gold_1317,jam,O
Gold_1317,terakhir,O
Gold_1317,dan,O
Gold_1317,semuanya,O
Gold_1317,di,O
Gold_1317,-,O
Gold_1317,stake,O
Gold_1317,.,O
Gold_1317,ETH,B-CRYPTO
Gold_1317,aset,O
Gold_1317,produktif,O
Gold_1317,bukan,O
Gold_1317,cuma,O
Gold_1317,spekulasi,O
Gold_1317,.,O
Gold_1317,Institusi,O
Gold_1317,aja,O
Gold_1317,nyimpen,O
Gold_1317,ETH,B-CRYPTO
Gold_1317,.,O
Gold_1317,Kamu,O
Gold_1317,kapan,O
Gold_1317,?,O
Gold_1317,#Ethereum,B-CRYPTO
Gold_1317,#CryptoNews,O
Gold_1317,#Nanovest,O
,,
Gold_1032,Join,O
Gold_1032,the,O
Gold_1032,$TONWOLF,B-CRYPTO
Gold_1032,Presale,O
Gold_1032,now,O
Gold_1032,!,O
Gold_1032,Listing,O
Gold_1032,in,O
Gold_1032,20,O
Gold_1032,days,O
Gold_1032,!,O
Gold_1032,Dapatkan,O
Gold_1032,token,O
Gold_1032,gratis,O
Gold_1032,hanya,O
Gold_1032,dengan,O
Gold_1032,join,O
Gold_1032,channel,O
Gold_1032,amp,O
Gold_1032,follow,O
Gold_1032,Twitter,O
Gold_1032,!,O
Gold_1032,Ajak,O
Gold_1032,temanmu,O
Gold_1032,dan,O
Gold_1032,kumpulkan,O
Gold_1032,lebih,O
Gold_1032,banyak,O
Gold_1032,$TWOLF,B-CRYPTO
Gold_1032,sebelum,O
Gold_1032,harga,O
Gold_1032,naik,O
Gold_1032,!,O
Gold_1032,Buruan,O
Gold_1032,gabung,O
Gold_1032,amp,O
Gold_1032,klaim,O
Gold_1032,tokennya,O
Gold_1032,sekarang,O
Gold_1032,HTTPURL,O
,,
Gold_4,@USER,O
Gold_4,Perang,O
Gold_4,melawan,O
Gold_4,hyperliquid,B-CRYPTO
Gold_4,ditambah,O
Gold_4,kejadian,O
Gold_4,10,O
Gold_4,Oktober,O
Gold_4,bikin,O
Gold_4,dia,O
Gold_4,jadi,O
Gold_4,public,O
Gold_4,enemy,O
Gold_4,.,O
Gold_4,Jual,O
Gold_4,bnb,B-CRYPTO
Gold_4,dan,O
Gold_4,hyperliquid,B-CRYPTO
Gold_4,kalian,O
Gold_4,terus,O
Gold_4,beliin,O
Gold_4,aster,B-CRYPTO
Gold_4,gaessss,O
Gold_4,dahh,O
Gold_4,banyak,O
Gold_4,tu,O
Gold_4,duit,O
Gold_4,binance,O
Gold_4,buat,O
Gold_4,gerakin,O
Gold_4,aster,B-CRYPTO
Gold_4,wkwkwkwkwkwkwkwwkwkk,O
,,
Gold_550,Makasih,O
Gold_550,viva,O
Gold_550,cleansing,O
Gold_550,balm,O
Gold_550,.,O
Gold_550,.,O
Gold_550,.,O
Gold_550,makasihnya,O
Gold_550,krn,O
Gold_550,gw,O
Gold_550,dapet,O
Gold_550,harga,O
Gold_550,30k,O
Gold_550,aja,O
Gold_550,wkwk,O
Gold_550,normalnya,O
Gold_550,masih,O
Gold_550,mehong,O
Gold_550,.,O
Gold_550,Kalau,O
Gold_550,ga,O
Gold_550,gw,O
Gold_550,dah,O
Gold_550,berantem,O
Gold_550,sama,O
Gold_550,maskara,O
Gold_550,bnb,O
Gold_550,.,O
,,
Gold_358,@USER,O
Gold_358,Kalo,O
Gold_358,kamu,O
Gold_358,ada,O
Gold_358,tom,O
Gold_358,suruh,O
Gold_358,cari,O
Gold_358,barang,O
Gold_358,yg,O
Gold_358,paling,O
Gold_358,mahal,O
Gold_358,di,O
Gold_358,lvl,O
Gold_358,kamu,O
Gold_358,terus,O
Gold_358,jual,O
Gold_358,ulang,O
Gold_358,pasang,O
Gold_358,full,O
Gold_358,price,O
Gold_358,.,O
Gold_358,.,O
Gold_358,jualan,O
Gold_358,di,O
Gold_358,toko,O
Gold_358,pinggir,O
Gold_358,jalan,O
Gold_358,selalu,O
Gold_358,pasang,O
Gold_358,fp,O
Gold_358,.,O
Gold_358,Kalo,O
Gold_358,mau,O
Gold_358,cpt,O
Gold_358,beli,O
Gold_358,koin,O
Gold_358,hehe,O
,,
Gold_1353,@USER,O
Gold_1353,Wah,O
Gold_1353,diquote,O
Gold_1353,sama,O
Gold_1353,idola,O
Gold_1353,jadi,O
Gold_1353,malu,O
Gold_1353,Nanti,O
Gold_1353,Abis,O
Gold_1353,close,O
Gold_1353,potition,O
Gold_1353,40x,O
Gold_1353,nasi,O
Gold_1353,jinggo,O
Gold_1353,meluncur,O
Gold_1353,.,O
Gold_1353,.,O
Gold_1353,.,O
Gold_1353,Aku,O
Gold_1353,berani,O
Gold_1353,long,O
Gold_1353,40x,O
Gold_1353,Karena,O
Gold_1353,sanggup,O
Gold_1353,add,O
Gold_1353,margin,O
Gold_1353,sampe,O
Gold_1353,di,O
Gold_1353,liquidation,O
Gold_1353,90k,O
Gold_1353,.,O
Gold_1353,Dan,O
Gold_1353,ga,O
Gold_1353,sekali,O
Gold_1353,masuk,O
Gold_1353,tapi,O
Gold_1353,DCA,O
Gold_1353,trus,O
Gold_1353,.,O
Gold_1353,Jadi,O
Gold_1353,scr,O
Gold_1353,teori,O
Gold_1353,di,O
Gold_1353,masa,O
Gold_1353,bullish,O
Gold_1353,ini,O
Gold_1353,selama,O
Gold_1353,ga,O
Gold_1353,ada,O
Gold_1353,news,O
Gold_1353,sangat,O
Gold_1353,buruk,O
Gold_1353,chance,O
,,
Gold_766,@USER,O
Gold_766,Lah,O
Gold_766,kenapa,O
Gold_766,dia,O
Gold_766,rungkad,O
Gold_766,crypto,O
Gold_766,portonya,O
Gold_766,kah,O
Gold_766,?,O
Gold_766,?,O
Gold_766,.,O
Gold_766,Gw,O
Gold_766,gk,O
Gold_766,pernah,O
Gold_766,bayangin,O
Gold_766,dia,O
Gold_766,ngaret,O
Gold_766,kek,O
Gold_766,gini,O
Gold_766,kalo,O
Gold_766,tadi,O
Gold_766,liat,O
Gold_766,si,O
Gold_766,torian,O
Gold_766,emang,O
Gold_766,ngaret,O
Gold_766,dari,O
Gold_766,dulu,O
Gold_766,juga,O
Gold_766,tapi,O
Gold_766,tetep,O
Gold_766,dibayar,O
Gold_766,.,O
Gold_766,Ini,O
Gold_766,bg,O
Gold_766,gar,O
Gold_766,baru,O
Gold_766,pertama,O
Gold_766,kali,O
Gold_766,gw,O
Gold_766,perhatiin,O
Gold_766,begink,O
Gold_766,.,O
,,
Gold_55,@USER,O
Gold_55,Maskbnb,O
Gold_55,bukan,O
Gold_55,maskusdc,O
Gold_55,atau,O
Gold_55,usdt,O
Gold_55,.,O
Gold_55,Udah,O
Gold_55,beli,O
Gold_55,mask,O
Gold_55,aja,O
Gold_55,bli,O
Gold_55,.,O
Gold_55,Bentar,O
Gold_55,lagi,O
Gold_55,bikin,O
Gold_55,huruf,O
Gold_55,W,O
Gold_55,tuh,O
,,
Gold_691,@USER,O
Gold_691,Intinya,O
Gold_691,sih,O
Gold_691,sylus,O
Gold_691,ngelihat,O
Gold_691,mc,O
Gold_691,begadang,O
Gold_691,sambil,O
Gold_691,ngitung,O
Gold_691,koin,O
Gold_691,ampe,O
Gold_691,kelihatan,O
Gold_691,mata,O
Gold_691,pandanya,O
Gold_691,terus,O
Gold_691,dibawa,O
Gold_691,terbang,O
Gold_691,ama,O
Gold_691,sylus,O
Gold_691,buat,O
Gold_691,nina,O
Gold_691,bobo,O
Gold_691,terus,O
Gold_691,ambil,O
Gold_691,posisi,O
Gold_691,nyaman,O
Gold_691,buat,O
Gold_691,dipeluk,O
,,
Gold_1211,@USER,O
Gold_1211,@USER,O
Gold_1211,yg,O
Gold_1211,dapat,O
Gold_1211,ribuan,O
Gold_1211,bahkan,O
Gold_1211,ratusan,O
Gold_1211,ribu,O
Gold_1211,itu,O
Gold_1211,pas,O
Gold_1211,awal,O
Gold_1211,bridge,O
Gold_1211,disitu,O
Gold_1211,rate,O
Gold_1211,nya,O
Gold_1211,masih,O
Gold_1211,dapat,O
Gold_1211,banyak,O
Gold_1211,monal,O
Gold_1211,per,O
Gold_1211,eth,B-CRYPTO
Gold_1211,sepo,O
Gold_1211,terus,O
Gold_1211,mereka,O
Gold_1211,serok,O
Gold_1211,molandak,O
Gold_1211,yaki,O
Gold_1211,dan,O
Gold_1211,chog,O
Gold_1211,pas,O
Gold_1211,early,O
Gold_1211,jadi,O
Gold_1211,wajar,O
Gold_1211,dapat,O
Gold_1211,banyak,O
Gold_1211,.,O
,,
Gold_782,Wtawtb,O
Gold_782,Disini,O
Gold_782,ada,O
Gold_782,yang,O
Gold_782,main,O
Gold_782,horse,O
Gold_782,life,O
Gold_782,gak,O
Gold_782,ato,O
Gold_782,tau,O
Gold_782,pasar,O
Gold_782,indo,O
Gold_782,nya,O
Gold_782,dimana,O
Gold_782,?,O
Gold_782,Kalo,O
Gold_782,ada,O
Gold_782,aku,O
Gold_782,mau,O
Gold_782,beli,O
Gold_782,coin,O
Gold_782,or,O
Gold_782,trade,O
Gold_782,ama,O
Gold_782,pets,O
Gold_782,gag,O
Gold_782,dari,O
Gold_782,kemarin,O
Gold_782,pusing,O
Gold_782,cari,O
Gold_782,gak,O
Gold_782,ketemu,O
,,
Gold_129,Jujur,O
Gold_129,kepo,O
Gold_129,banget,O
Gold_129,sama,O
Gold_129,@USER,O
Gold_129,.,O
Gold_129,Katanya,O
Gold_129,bayar,O
Gold_129,crypto,O
Gold_129,bisa,O
Gold_129,segampang,O
Gold_129,itu,O
Gold_129,di,O
Gold_129,kasir,O
Gold_129,.,O
Gold_129,Beneran,O
Gold_129,nih,O
Gold_129,?,O
Gold_129,Pengen,O
Gold_129,buktiin,O
Gold_129,sendiri,O
Gold_129,di,O
Gold_129,#Coinfest2025,O
Gold_129,ntar,O
Gold_129,.,O
Gold_129,Moga,O
Gold_129,-,O
Gold_129,moga,O
Gold_129,nyangkut,O
Gold_129,tiket,O
Gold_129,gratisannya,O
Gold_129,auto,O
Gold_129,berangkat,O
Gold_129,!,O
Gold_129,#UPCX,O
,,
Gold_245,@USER,O
Gold_245,@USER,O
Gold_245,gimna,O
Gold_245,ya,O
Gold_245,bang,O
Gold_245,dlu,O
Gold_245,agustus,O
Gold_245,aku,O
Gold_245,sempet,O
Gold_245,beli,O
Gold_245,$SUI,B-CRYPTO
Gold_245,di,O
Gold_245,bottom,O
Gold_245,nya,O
Gold_245,$0,O
Gold_245,7,O
Gold_245,jual,O
Gold_245,smua,O
Gold_245,di,O
Gold_245,di,O
Gold_245,2,O
Gold_245,4,O
Gold_245,smpai,O
Gold_245,skrng,O
Gold_245,gak,O
Gold_245,pernah,O
Gold_245,beli,O
Gold_245,lagi,O
Gold_245,.,O
Gold_245,tapi,O
Gold_245,harga,O
Gold_245,skrng,O
Gold_245,menurutku,O
Gold_245,terlalu,O
Gold_245,tinggi,O
Gold_245,walaupun,O
Gold_245,bisa,O
Gold_245,new,O
Gold_245,ath,O
Gold_245,lagi,O
Gold_245,.,O
Gold_245,aku,O
Gold_245,mending,O
Gold_245,cari,O
Gold_245,yg,O
Gold_245,lain,O
Gold_245,.,O
Gold_245,takut,O
Gold_245,kek,O
Gold_245,$OM,B-CRYPTO
Gold_245,aja,O
Gold_245,.,O
Gold_245,$OM,B-CRYPTO
Gold_245,dlu,O
Gold_245,raja,O
Gold_245,RWA,O
Gold_245,siapa,O
Gold_245,sangka,O
Gold_245,lngsung,O
Gold_245,HTTPURL,O
,,
Gold_729,Disclaimer,O
Gold_729,Jika,O
Gold_729,mempunyai,O
Gold_729,cash,O
Gold_729,Rp,O
Gold_729,100,O
Gold_729,.,O
Gold_729,0,O
Gold_729,.,O
Gold_729,0,O
Gold_729,all,O
Gold_729,in,O
Gold_729,di,O
Gold_729,Bitcoin,B-CRYPTO
Gold_729,di,O
Gold_729,harga,O
Gold_729,saat,O
Gold_729,ini,O
Gold_729,$110,O
Gold_729,.,O
Gold_729,0,O
Gold_729,di,O
Gold_729,tahun,O
Gold_729,2025,O
Gold_729,bulan,O
Gold_729,mei,O
Gold_729,sampai,O
Gold_729,tahun,O
Gold_729,2030,O
Gold_729,kemungkinan,O
Gold_729,$2jt,O
Gold_729,harganya,O
Gold_729,keuntungan,O
Gold_729,yang,O
Gold_729,kita,O
Gold_729,miliki,O
Gold_729,sekitar,O
Gold_729,1,O
Gold_729,.,O
Gold_729,718,O
Gold_729,.,O
Gold_729,0,O
Gold_729,.,O
Gold_729,0,O
Gold_729,jadi,O
Gold_729,1718,O
Gold_729,yang,O
Gold_729,kita,O
Gold_729,dapatkan,O
Gold_729,.,O
,,
Gold_683,Perusahaan,O
Gold_683,Jepang,O
Gold_683,Metaplanet,O
Gold_683,baru,O
Gold_683,saja,O
Gold_683,mengumumkan,O
Gold_683,rencana,O
Gold_683,besar,O
Gold_683,Menggalang,O
Gold_683,dana,O
Gold_683,$5,O
Gold_683,.,O
Gold_683,4,O
Gold_683,Miliar,O
Gold_683,untuk,O
Gold_683,beli,O
Gold_683,Bitcoin,B-CRYPTO
Gold_683,Target,O
Gold_683,mereka,O
Gold_683,?,O
Gold_683,210,O
Gold_683,.,O
Gold_683,0,O
Gold_683,BTC,B-CRYPTO
Gold_683,pada,O
Gold_683,tahun,O
Gold_683,2027,O
Gold_683,alias,O
Gold_683,1,O
Gold_683,dari,O
Gold_683,total,O
Gold_683,supply,O
Gold_683,maksimal,O
Gold_683,Bitcoin,B-CRYPTO
Gold_683,!,O
Gold_683,Saat,O
Gold_683,ini,O
Gold_683,mereka,O
Gold_683,sudah,O
Gold_683,menggenggam,O
Gold_683,8,O
Gold_683,.,O
Gold_683,888,O
Gold_683,BTC,B-CRYPTO
Gold_683,senilai,O
Gold_683,$932,O
Gold_683,juta,O
Gold_683,HTTPURL,O
,,
Gold_35,Pengumuman,O
Gold_35,-,O
Gold_35,pengumuman,O
Gold_35,!,O
Gold_35,!,O
Gold_35,!,O
Gold_35,Harga,O
Gold_35,Bitcoin,B-CRYPTO
Gold_35,hari,O
Gold_35,ini,O
Gold_35,adalah,O
Gold_35,Rp1,O
Gold_35,832,O
Gold_35,Miliar,O
Gold_35,loh,O
Gold_35,Yuk,O
Gold_35,cek,O
Gold_35,pergerakan,O
Gold_35,Bitcoin,B-CRYPTO
Gold_35,sekarang,O
Gold_35,di,O
Gold_35,HTTPURL,O
Gold_35,#INDODAX,O
Gold_35,#AsetMasaDepan,O
Gold_35,#Bitcoin,B-CRYPTO
Gold_35,HTTPURL,O
,,
Gold_1127,Buy,O
Gold_1127,n,O
Gold_1127,Hold,O
Gold_1127,itu,O
Gold_1127,works,O
Gold_1127,.,O
Gold_1127,Tapi,O
Gold_1127,hanya,O
Gold_1127,kalau,O
Gold_1127,kamu,O
Gold_1127,beli,O
Gold_1127,di,O
Gold_1127,waktu,O
Gold_1127,yang,O
Gold_1127,tepat,O
Gold_1127,.,O
Gold_1127,73,O
Gold_1127,investor,O
Gold_1127,retail,O
Gold_1127,yang,O
Gold_1127,rugi,O
Gold_1127,di,O
Gold_1127,crypto,O
Gold_1127,sebenernya,O
Gold_1127,tidak,O
Gold_1127,rugi,O
Gold_1127,karena,O
Gold_1127,marketnya,O
Gold_1127,tapi,O
Gold_1127,karena,O
Gold_1127,beli,O
Gold_1127,di,O
Gold_1127,puncak,O
Gold_1127,lalu,O
Gold_1127,panik,O
Gold_1127,jual,O
Gold_1127,di,O
Gold_1127,bawah,O
Gold_1127,.,O
Gold_1127,Otak,O
Gold_1127,manusia,O
Gold_1127,secara,O
Gold_1127,biologis,O
Gold_1127,tidak,O
Gold_1127,dirancang,O
Gold_1127,untuk,O
Gold_1127,tahan,O
Gold_1127,volatilitas,O
,,
Gold_787,Dah,O
Gold_787,terbang,O
Gold_787,melayang,O
Gold_787,tukar,O
Gold_787,bateri,O
Gold_787,baru,O
Gold_787,.,O
Gold_787,Ehh,O
Gold_787,skali,O
Gold_787,tbaca,O
Gold_787,pasal,O
Gold_787,isu,O
Gold_787,ip13,O
Gold_787,bateri,O
Gold_787,kembung,O
Gold_787,blh,O
Gold_787,g,O
Gold_787,tkar,O
Gold_787,trx,O
Gold_787,.,O
Gold_787,Ada,O
Gold_787,yg,O
Gold_787,free,O
Gold_787,.,O
Gold_787,Ada,O
Gold_787,yg,O
Gold_787,siap,O
Gold_787,dpt,O
Gold_787,ganti,O
Gold_787,tpon,O
Gold_787,bru,O
Gold_787,ehh,O
Gold_787,.,O
,,
Gold_333,@USER,O
Gold_333,@USER,O
Gold_333,@USER,O
Gold_333,Crypto,O
Gold_333,kalau,O
Gold_333,kamu,O
Gold_333,beli,O
Gold_333,aset,O
Gold_333,.,O
Gold_333,Jadi,O
Gold_333,yg,O
Gold_333,paling,O
Gold_333,relevan,O
Gold_333,ya,O
Gold_333,di,O
Gold_333,spot,O
Gold_333,trading,O
Gold_333,.,O
Gold_333,Karena,O
Gold_333,hanya,O
Gold_333,mendapatkan,O
Gold_333,keuntungan,O
Gold_333,dari,O
Gold_333,kenaikan,O
Gold_333,harga,O
Gold_333,kalau,O
Gold_333,future,O
Gold_333,itu,O
Gold_333,gambling,O
Gold_333,karena,O
Gold_333,mendapat,O
Gold_333,keuntungan,O
Gold_333,dari,O
Gold_333,harga,O
Gold_333,naik,O
Gold_333,atau,O
Gold_333,turun,O
Gold_333,perdagangan,O
Gold_333,2,O
Gold_333,arah,O
Gold_333,.,O
,,
Gold_429,Contoh,O
Gold_429,konkretnya,O
Gold_429,SharpLink,O
Gold_429,SBET,O
Gold_429,NAV,O
Gold_429,1,O
Gold_429,.,O
Gold_429,0x,O
Gold_429,Eksposur,O
Gold_429,langsung,O
Gold_429,ke,O
Gold_429,ETH,B-CRYPTO
Gold_429,Dapet,O
Gold_429,staking,O
Gold_429,yield,O
Gold_429,Potensi,O
Gold_429,arbitrase,O
Gold_429,regulasi,O
Gold_429,Buat,O
Gold_429,investor,O
Gold_429,ini,O
Gold_429,jadi,O
Gold_429,alternatif,O
Gold_429,lebih,O
Gold_429,cuan,O
Gold_429,dibanding,O
Gold_429,ETF,O
Gold_429,spot,O
Gold_429,ETH,B-CRYPTO
Gold_429,.,O
,,
Gold_1141,Bitcoin,B-CRYPTO
Gold_1141,bisa,O
Gold_1141,tembus,O
Gold_1141,$137,O
Gold_1141,.,O
Gold_1141,0,O
Gold_1141,di,O
Gold_1141,Q3,O
Gold_1141,2025,O
Gold_1141,?,O
Gold_1141,Pemerintah,O
Gold_1141,AS,O
Gold_1141,udah,O
Gold_1141,nyuntik,O
Gold_1141,$500,O
Gold_1141,miliar,O
Gold_1141,ke,O
Gold_1141,pasar,O
Gold_1141,dan,O
Gold_1141,ini,O
Gold_1141,bisa,O
Gold_1141,jadi,O
Gold_1141,katalis,O
Gold_1141,besar,O
Gold_1141,buat,O
Gold_1141,lonjakan,O
Gold_1141,harga,O
Gold_1141,BTC,B-CRYPTO
Gold_1141,Swipe,O
Gold_1141,buat,O
Gold_1141,lihat,O
Gold_1141,detailnya,O
Gold_1141,#AmanSamaNano,O
Gold_1141,HTTPURL,O
,,
Gold_138,@USER,O
Gold_138,kalo,O
Gold_138,investasi,O
Gold_138,ya,O
Gold_138,beli,O
Gold_138,bitcoin,B-CRYPTO
Gold_138,bukan,O
Gold_138,malah,O
Gold_138,disuruh,O
Gold_138,beli,O
Gold_138,memecoin,O
Gold_138,dasar,O
Gold_138,harusnya,O
Gold_138,bilang,O
Gold_138,daripada,O
Gold_138,judol,O
Gold_138,mending,O
Gold_138,spekulasi,O
Gold_138,di,O
Gold_138,memecoin,O
Gold_138,bobby,O
Gold_138,gitu,O
Gold_138,baru,O
Gold_138,cocok,O
,,
Gold_1007,@USER,O
Gold_1007,Senasib,O
Gold_1007,wkwkwk,O
Gold_1007,padahal,O
Gold_1007,pure,O
Gold_1007,aku,O
Gold_1007,pen,O
Gold_1007,lurusin,O
Gold_1007,aja,O
Gold_1007,soal,O
Gold_1007,Kalo,O
Gold_1007,jalan,O
Gold_1007,ke,O
Gold_1007,kebun,O
Gold_1007,orang,O
Gold_1007,pasti,O
Gold_1007,liat,O
Gold_1007,Username,O
Gold_1007,dulu,O
Gold_1007,dong,O
Gold_1007,.,O
Gold_1007,dan,O
Gold_1007,selama,O
Gold_1007,ini,O
Gold_1007,aku,O
Gold_1007,gak,O
Gold_1007,kek,O
Gold_1007,gitu,O
Gold_1007,lagi,O
Gold_1007,fokus,O
Gold_1007,di,O
Gold_1007,barang,O
Gold_1007,yg,O
Gold_1007,aku,O
Gold_1007,butuh,O
Gold_1007,aja,O
Gold_1007,terus,O
Gold_1007,pas,O
Gold_1007,mampir,O
Gold_1007,Tokonya,O
Gold_1007,ada,O
Gold_1007,yg,O
Gold_1007,menarik,O
Gold_1007,ya,O
Gold_1007,aku,O
Gold_1007,beli,O
Gold_1007,mo,O
Gold_1007,koin,O
Gold_1007,1,O
Gold_1007,ato,O
Gold_1007,berapa,O
Gold_1007,gak,O
Gold_1007,peduli,O
Gold_1007,juga,O
Gold_1007,.,O
,,
Gold_502,2,O
Gold_502,Dalam,O
Gold_502,setiap,O
Gold_502,proyek,O
Gold_502,blockchain,O
Gold_502,fase,O
Gold_502,distribusi,O
Gold_502,atau,O
Gold_502,pengembalian,O
Gold_502,token,O
Gold_502,selalu,O
Gold_502,menjadi,O
Gold_502,momen,O
Gold_502,penting,O
Gold_502,.,O
Gold_502,Likuiditas,O
Gold_502,mulai,O
Gold_502,terbentuk,O
Gold_502,pasar,O
Gold_502,mulai,O
Gold_502,menemukan,O
Gold_502,harga,O
Gold_502,yang,O
Gold_502,dianggap,O
Gold_502,wajar,O
Gold_502,oleh,O
Gold_502,pembeli,O
Gold_502,dan,O
Gold_502,penjual,O
Gold_502,.,O
,,
Gold_327,@USER,O
Gold_327,Happy,O
Gold_327,birthday,O
Gold_327,bang,O
Gold_327,!,O
Gold_327,Semoga,O
Gold_327,sukses,O
Gold_327,cuan,O
Gold_327,dan,O
Gold_327,sehat,O
Gold_327,selalu,O
Gold_327,kerjaan,O
Gold_327,juga,O
Gold_327,lancar,O
Gold_327,.,O
Gold_327,Kalo,O
Gold_327,$BTC,B-CRYPTO
Gold_327,ke,O
Gold_327,$200k,O
Gold_327,ntar,O
Gold_327,dulu,O
Gold_327,woy,O
Gold_327,gw,O
Gold_327,belum,O
Gold_327,serok,O
Gold_327,!,O
,,
Gold_1231,Cuan,O
Gold_1231,pagi,O
Gold_1231,ini,O
Gold_1231,lumayan,O
Gold_1231,.,O
Gold_1231,Thanks,O
Gold_1231,COIN,O
Gold_1231,HTTPURL,O
,,
Gold_701,Jangan,O
Gold_701,Pernah,O
Gold_701,Jual,O
Gold_701,Bitcoin,B-CRYPTO
Gold_701,Lo,O
Gold_701,!,O
Gold_701,Lah,O
Gold_701,Emangnya,O
Gold_701,Hidup,O
Gold_701,Lo,O
Gold_701,Siapa,O
Gold_701,yang,O
Gold_701,Atur,O
Gold_701,?,O
Gold_701,Menurut,O
Gold_701,gue,O
Gold_701,ucapan,O
Gold_701,kayak,O
Gold_701,gitu,O
Gold_701,tuh,O
Gold_701,absurd,O
Gold_701,banget,O
Gold_701,.,O
Gold_701,Tujuan,O
Gold_701,orang,O
Gold_701,investasi,O
Gold_701,kan,O
Gold_701,simpel,O
Gold_701,mencari,O
Gold_701,jalan,O
Gold_701,agar,O
Gold_701,bebas,O
Gold_701,dari,O
Gold_701,masalah,O
Gold_701,finansial,O
Gold_701,.,O
Gold_701,Mau,O
Gold_701,itu,O
Gold_701,lewat,O
Gold_701,Bitcoin,B-CRYPTO
Gold_701,altcoin,O
Gold_701,saham,O
Gold_701,atau,O
Gold_701,apapun,O
Gold_701,intinya,O
Gold_701,orang,O
,,
Gold_478,Market,O
Gold_478,cap,O
Gold_478,SampP,O
Gold_478,500,O
Gold_478,dan,O
Gold_478,ini,O
Gold_478,index,O
Gold_478,satu,O
Gold_478,negara,O
Gold_478,.,O
Gold_478,Dan,O
Gold_478,ada,O
Gold_478,aset,O
Gold_478,yang,O
Gold_478,namanya,O
Gold_478,#Bitcoin,B-CRYPTO
Gold_478,yang,O
Gold_478,bisa,O
Gold_478,di,O
Gold_478,beli,O
Gold_478,seluruh,O
Gold_478,dunia,O
Gold_478,dan,O
Gold_478,market,O
Gold_478,cap,O
Gold_478,nya,O
Gold_478,masih,O
Gold_478,2T,O
Gold_478,dolar,O
Gold_478,.,O
Gold_478,Kalian,O
Gold_478,tidak,O
Gold_478,terlambat,O
Gold_478,untuk,O
Gold_478,membeli,O
Gold_478,Bitcoin,B-CRYPTO
Gold_478,.,O
Gold_478,HTTPURL,O
,,
Gold_483,tapi,O
Gold_483,takut,O
Gold_483,karna,O
Gold_483,gue,O
Gold_483,sangat,O
Gold_483,impulsif,O
Gold_483,when,O
Gold_483,it,O
Gold_483,comes,O
Gold_483,into,O
Gold_483,a,O
Gold_483,game,O
Gold_483,dan,O
Gold_483,sering,O
Gold_483,follow,O
Gold_483,my,O
Gold_483,intrusive,O
Gold_483,thoughts,O
Gold_483,buat,O
Gold_483,top,O
Gold_483,up,O
Gold_483,beli,O
Gold_483,coin,O
Gold_483,.,O
Gold_483,.,O
Gold_483,.,O
Gold_483,.,O
Gold_483,.,O
,,
Gold_915,Gas,O
Gold_915,yg,O
Gold_915,blm,O
Gold_915,tinggal,O
Gold_915,5,O
Gold_915,hari,O
Gold_915,potensi,O
Gold_915,JP,O
Gold_915,Exchange,O
Gold_915,baru,O
Gold_915,harga,O
Gold_915,listing,O
Gold_915,$2,O
Gold_915,.,O
Gold_915,43,O
Gold_915,.,O
Gold_915,Free,O
Gold_915,50,O
Gold_915,Coin,O
Gold_915,Register,O
Gold_915,HTTPURL,O
Gold_915,Submit,O
Gold_915,Email,O
Gold_915,Submit,O
Gold_915,ETH,O
Gold_915,Address,O
Gold_915,Complete,O
Gold_915,Task,O
Gold_915,Claim,O
Gold_915,amp,O
Gold_915,Done,O
Gold_915,#crypto,O
Gold_915,#cryptoairdrop,O
Gold_915,#airdropcrypto,O
Gold_915,#airdrop,O
Gold_915,HTTPURL,O
,,
Gold_852,$Doge,B-CRYPTO
Gold_852,adalah,O
Gold_852,raja,O
Gold_852,koin,O
Gold_852,meme,O
Gold_852,.,O
Gold_852,Harga,O
Gold_852,telah,O
Gold_852,terakumulasi,O
Gold_852,dengan,O
Gold_852,baik,O
Gold_852,di,O
Gold_852,zona,O
Gold_852,dukungan,O
Gold_852,.,O
Gold_852,ada,O
Gold_852,sinyal,O
Gold_852,pembalikan,O
Gold_852,.,O
Gold_852,apakah,O
Gold_852,kamu,O
Gold_852,sudah,O
Gold_852,membelinya,O
Gold_852,?,O
Gold_852,#Meme,O
Gold_852,#crypto,O
Gold_852,HTTPURL,O
,,
Gold_812,Harga,O
Gold_812,turun,O
Gold_812,bukan,O
Gold_812,selalu,O
Gold_812,bencana,O
Gold_812,.,O
Gold_812,Kadang,O
Gold_812,justru,O
Gold_812,itu,O
Gold_812,tiket,O
Gold_812,masuk,O
Gold_812,diskon,O
Gold_812,buat,O
Gold_812,proyek,O
Gold_812,masa,O
Gold_812,depan,O
Gold_812,.,O
Gold_812,#Crypto,O
Gold_812,#BybitIndonesia,O
,,
Gold_831,KABAR,O
Gold_831,BURUK,O
Gold_831,DARI,O
Gold_831,EKOSISTEM,O
Gold_831,SUI,B-CRYPTO
Gold_831,$HIPPO,B-CRYPTO
Gold_831,dan,O
Gold_831,$LOFI,B-CRYPTO
Gold_831,yang,O
Gold_831,masuk,O
Gold_831,jajaran,O
Gold_831,memecoin,O
Gold_831,terbesar,O
Gold_831,di,O
Gold_831,ekosistem,O
Gold_831,SUI,B-CRYPTO
Gold_831,mengalami,O
Gold_831,hack,O
Gold_831,.,O
Gold_831,LPnya,O
Gold_831,hilang,O
Gold_831,dalam,O
Gold_831,sekejap,O
Gold_831,Holder,O
Gold_831,semuanya,O
Gold_831,rugi,O
Gold_831,75,O
Gold_831,hari,O
Gold_831,ini,O
Gold_831,Gaada,O
Gold_831,yang,O
Gold_831,bisa,O
Gold_831,transaksi,O
Gold_831,jual,O
Gold_831,-,O
Gold_831,beli,O
Gold_831,HTTPURL,O
,,
Gold_755,@USER,O
Gold_755,buru,O
Gold_755,benerin,O
Gold_755,canceling,O
Gold_755,order,O
Gold_755,gw,O
Gold_755,udah,O
Gold_755,2,O
Gold_755,jam,O
Gold_755,lebih,O
Gold_755,ini,O
Gold_755,nyangkut,O
Gold_755,sekarang,O
Gold_755,koin,O
Gold_755,naik,O
Gold_755,terus,O
Gold_755,gw,O
Gold_755,mau,O
Gold_755,TP,O
Gold_755,in,O
Gold_755,gimana,O
Gold_755,keburu,O
Gold_755,turun,O
Gold_755,baru,O
Gold_755,dibenerin,O
Gold_755,yg,O
Gold_755,ada,O
Gold_755,malah,O
Gold_755,cuma,O
Gold_755,dapet,O
Gold_755,mines,O
Gold_755,nya,O
Gold_755,doang,O
Gold_755,HTTPURL,O
,,
Gold_1113,@USER,O
Gold_1113,Tipe,O
Gold_1113,Tipe,O
Gold_1113,Cewek,O
Gold_1113,Kripto,O
Gold_1113,Si,O
Gold_1113,Ethereum,B-CRYPTO
Gold_1113,Maxi,O
Gold_1113,Cerdas,O
Gold_1113,idealis,O
Gold_1113,tapi,O
Gold_1113,agak,O
Gold_1113,ngegas,O
Gold_1113,kalau,O
Gold_1113,ngomong,O
Gold_1113,skalabilitas,O
Gold_1113,.,O
Gold_1113,Ngobrol,O
Gold_1113,sama,O
Gold_1113,dia,O
Gold_1113,berasa,O
Gold_1113,ikut,O
Gold_1113,conference,O
Gold_1113,Web3,O
Gold_1113,.,O
Gold_1113,Kalau,O
Gold_1113,dia,O
Gold_1113,suka,O
Gold_1113,kamu,O
Gold_1113,dia,O
Gold_1113,bilang,O
Gold_1113,Kamu,O
Gold_1113,kayak,O
Gold_1113,ETH,B-CRYPTO
Gold_1113,always,O
Gold_1113,evolving,O
Gold_1113,.,O
Gold_1113,Si,O
Gold_1113,Trader,O
Gold_1113,Altcoin,O
Gold_1113,Harian,O
Gold_1113,Doi,O
Gold_1113,hidup,O
Gold_1113,dari,O
Gold_1113,candle,O
Gold_1113,.,O
,,
Gold_194,Burning,O
Gold_194,menghapus,O
Gold_194,koin,O
Gold_194,dari,O
Gold_194,peredaran,O
Gold_194,.,O
Gold_194,Tujuannya,O
Gold_194,bikin,O
Gold_194,supply,O
Gold_194,turun,O
Gold_194,harga,O
Gold_194,bisa,O
Gold_194,naik,O
Gold_194,.,O
Gold_194,Biasanya,O
Gold_194,dilakukan,O
Gold_194,berkala,O
Gold_194,oleh,O
Gold_194,proyek,O
Gold_194,besar,O
Gold_194,.,O
Gold_194,#BybitIndonesia,O
,,
Gold_833,Open,O
Gold_833,Order,O
Gold_833,BT21,O
Gold_833,dan,O
Gold_833,TinyTan,O
Gold_833,Ready,O
Gold_833,WH,O
Gold_833,KR,O
Gold_833,list,O
Gold_833,harga,O
Gold_833,Sun,O
Gold_833,Cream,O
Gold_833,TinyTan,O
Gold_833,Idr,O
Gold_833,145k,O
Gold_833,dp,O
Gold_833,80kea,O
Gold_833,Pen,O
Gold_833,black,O
Gold_833,amp,O
Gold_833,color,O
Gold_833,Idr,O
Gold_833,70k,O
Gold_833,dp,O
Gold_833,20kmember,O
Gold_833,Pouch,O
Gold_833,Koin,O
Gold_833,BT21,O
Gold_833,Idr,O
Gold_833,105k,O
Gold_833,dp,O
Gold_833,50k,O
Gold_833,Arcly,O
Gold_833,Photos,O
Gold_833,BT21,O
Gold_833,Idr,O
Gold_833,70k,O
Gold_833,dp,O
Gold_833,30k,O
Gold_833,Est,O
Gold_833,EMSTAX,O
Gold_833,INA,O
Gold_833,Open,O
Gold_833,Reseller,O
Gold_833,request,O
Gold_833,by,O
Gold_833,DM,O
Gold_833,Pack,O
Gold_833,adm,O
Gold_833,HTTPURL,O
,,
Gold_832,@USER,O
Gold_832,skintin,O
Gold_832,-,O
Gold_832,ku,O
Gold_832,something,O
Gold_832,copy,O
Gold_832,amp,O
Gold_832,paste,O
Gold_832,beli,O
Gold_832,Februari,O
Gold_832,taun,O
Gold_832,lalu,O
Gold_832,masih,O
Gold_832,ada,O
Gold_832,padahal,O
Gold_832,pake,O
Gold_832,tiap,O
Gold_832,hari,O
Gold_832,buat,O
Gold_832,ngantor,O
Gold_832,awal,O
Gold_832,beli,O
Gold_832,skintin,O
Gold_832,masih,O
Gold_832,belum,O
Gold_832,hype,O
Gold_832,kaya,O
Gold_832,sekarang,O
Gold_832,love,O
Gold_832,it,O
Gold_832,@USER,O
,,
Gold_1028,#Fartcoin,B-CRYPTO
Gold_1028,lagi,O
Gold_1028,trending,O
Gold_1028,nih,O
Gold_1028,Kita,O
Gold_1028,kulik,O
Gold_1028,dulu,O
Gold_1028,kelebihannya,O
Gold_1028,nih,O
Gold_1028,Buat,O
Gold_1028,yang,O
Gold_1028,belum,O
Gold_1028,tau,O
Gold_1028,#Fartcoin,B-CRYPTO
Gold_1028,lahir,O
Gold_1028,dari,O
Gold_1028,eksperimen,O
Gold_1028,AI,O
Gold_1028,Fartcoin,O
Gold_1028,hadir,O
Gold_1028,di,O
Gold_1028,Solana,O
Gold_1028,dengan,O
Gold_1028,fitur,O
Gold_1028,super,O
Gold_1028,unik,O
Gold_1028,dan,O
Gold_1028,kelebihan,O
Gold_1028,Transaksi,O
Gold_1028,cepat,O
Gold_1028,amp,O
Gold_1028,biaya,O
Gold_1028,rendah,O
Gold_1028,Suara,O
Gold_1028,kentut,O
Gold_1028,di,O
Gold_1028,setiap,O
Gold_1028,transaksi,O
Gold_1028,Distribusi,O
,,
Gold_210,SUPER,O
Gold_210,BULLISH,O
Gold_210,ON,O
Gold_210,$HYPE,B-CRYPTO
Gold_210,!,O
Gold_210,!,O
Gold_210,Sonnet,O
Gold_210,BioTherapeutics,O
Gold_210,perusahaan,O
Gold_210,biotech,O
Gold_210,yang,O
Gold_210,dikenal,O
Gold_210,di,O
Gold_210,bidang,O
Gold_210,imunoterapi,O
Gold_210,resmi,O
Gold_210,banting,O
Gold_210,setir,O
Gold_210,ke,O
Gold_210,dunia,O
Gold_210,kripto,O
Gold_210,.,O
Gold_210,Mereka,O
Gold_210,merger,O
Gold_210,sama,O
Gold_210,entitas,O
Gold_210,investor,O
Gold_210,buat,O
Gold_210,bentuk,O
Gold_210,Hyperliquid,O
Gold_210,Strategies,O
Gold_210,Inc,O
Gold_210,.,O
Gold_210,HSI,O
Gold_210,perusahaan,O
Gold_210,publik,O
Gold_210,baru,O
Gold_210,yang,O
Gold_210,fokus,O
Gold_210,ngebangun,O
Gold_210,treasury,O
Gold_210,HTTPURL,O
,,
Gold_808,MODAL,O
Gold_808,RECEH,O
Gold_808,CUAN,O
Gold_808,GEDE,O
Gold_808,Nggak,O
Gold_808,perlu,O
Gold_808,tunggu,O
Gold_808,gaji,O
Gold_808,gede,O
Gold_808,buat,O
Gold_808,mulai,O
Gold_808,trading,O
Gold_808,kripto,O
Gold_808,.,O
Gold_808,Bayangin,O
Gold_808,modal,O
Gold_808,receh,O
Gold_808,doang,O
Gold_808,tapi,O
Gold_808,bisa,O
Gold_808,dapet,O
Gold_808,puluhan,O
Gold_808,dolar,O
Gold_808,.,O
Gold_808,Yang,O
Gold_808,penting,O
Gold_808,konsisten,O
Gold_808,rajin,O
Gold_808,mantau,O
Gold_808,market,O
Gold_808,dan,O
Gold_808,jangan,O
Gold_808,FOMO,O
Gold_808,!,O
Gold_808,HTTPURL,O
Gold_808,HTTPURL,O
,,
Gold_355,Contoh,O
Gold_355,gampangnya,O
Gold_355,Kamu,O
Gold_355,masukin,O
Gold_355,$100,O
Gold_355,SUI,B-CRYPTO
Gold_355,$100,O
Gold_355,USDC,B-CRYPTO
Gold_355,$200,O
Gold_355,.,O
Gold_355,Harga,O
Gold_355,SUI,B-CRYPTO
Gold_355,turun,O
Gold_355,2x,O
Gold_355,tapi,O
Gold_355,karena,O
Gold_355,pool,O
Gold_355,harus,O
Gold_355,seimbang,O
Gold_355,kamu,O
Gold_355,akhirnya,O
Gold_355,punya,O
Gold_355,lebih,O
Gold_355,banyak,O
Gold_355,SUI,B-CRYPTO
Gold_355,dan,O
Gold_355,lebih,O
Gold_355,sedikit,O
Gold_355,USDC,B-CRYPTO
Gold_355,.,O
Gold_355,Begitu,O
Gold_355,pun,O
Gold_355,sebaliknya,O
Gold_355,ketika,O
Gold_355,harga,O
Gold_355,SUI,B-CRYPTO
Gold_355,naik,O
Gold_355,.,O
Gold_355,HTTPURL,O
,,
Gold_133,@USER,O
Gold_133,Dah,O
Gold_133,tamat,O
Gold_133,kaaak,O
Gold_133,ludgernya,O
Gold_133,?,O
Gold_133,Kabarin,O
Gold_133,kalo,O
Gold_133,dah,O
Gold_133,pindah,O
Gold_133,ke,O
Gold_133,wattpad,O
Gold_133,yaak,O
Gold_133,.,O
Gold_133,.,O
Gold_133,Aku,O
Gold_133,mau,O
Gold_133,beli,O
Gold_133,koin,O
Gold_133,dah,O
Gold_133,ga,O
Gold_133,bisa,O
Gold_133,link,O
Gold_133,yg,O
Gold_133,kk,O
Gold_133,pin,O
,,
Gold_1237,@USER,O
Gold_1237,@USER,O
Gold_1237,@USER,O
Gold_1237,Bitcoin,B-CRYPTO
Gold_1237,lahir,O
Gold_1237,untuk,O
Gold_1237,menghapus,O
Gold_1237,kontrol,O
Gold_1237,institusi,O
Gold_1237,?,O
Gold_1237,Ya,O
Gold_1237,betul,O
Gold_1237,awal,O
Gold_1237,mulanya,O
Gold_1237,Tapi,O
Gold_1237,saat,O
Gold_1237,ini,O
Gold_1237,di,O
Gold_1237,kontrol,O
Gold_1237,beberapa,O
Gold_1237,entitas,O
Gold_1237,dan,O
Gold_1237,selalu,O
Gold_1237,terpengaruh,O
Gold_1237,oleh,O
Gold_1237,keputusan,O
Gold_1237,institusi,O
Gold_1237,dari,O
Gold_1237,segi,O
Gold_1237,harga,O
Gold_1237,dan,O
Gold_1237,legalitas,O
Gold_1237,Masih,O
Gold_1237,jauh,O
Gold_1237,bro,O
Gold_1237,merealisasikan,O
Gold_1237,utopia,O
Gold_1237,anda,O
Gold_1237,yg,O
Gold_1237,ingin,O
Gold_1237,100,O
Gold_1237,full,O
Gold_1237,decentralized,O
Gold_1237,kalo,O
,,
Gold_1099,Gw,O
Gold_1099,masuk,O
Gold_1099,secukupnya,O
Gold_1099,di,O
Gold_1099,Project,O
Gold_1099,ini,O
Gold_1099,gw,O
Gold_1099,yakin,O
Gold_1099,potensi,O
Gold_1099,pertumbuhan,O
Gold_1099,MC,O
Gold_1099,Volume,O
Gold_1099,jumlah,O
Gold_1099,holdernya,O
Gold_1099,akan,O
Gold_1099,berkembang,O
Gold_1099,cepat,O
Gold_1099,atau,O
Gold_1099,lambat,O
Gold_1099,.,O
Gold_1099,Karna,O
Gold_1099,Ini,O
Gold_1099,token,O
Gold_1099,utility,O
Gold_1099,dan,O
Gold_1099,produknya,O
Gold_1099,cukup,O
Gold_1099,berguna,O
Gold_1099,dah,O
Gold_1099,itu,O
Gold_1099,aja,O
Gold_1099,bukan,O
Gold_1099,ajakan,O
Gold_1099,beli,O
Gold_1099,.,O
Gold_1099,HTTPURL,O
,,
Gold_628,@USER,O
Gold_628,kalo,O
Gold_628,pake,O
Gold_628,strat,O
Gold_628,kaya,O
Gold_628,gini,O
Gold_628,selisih,O
Gold_628,harga,O
Gold_628,zora,B-CRYPTO
Gold_628,di,O
Gold_628,bybit,O
Gold_628,amp,O
Gold_628,hyperliquid,O
Gold_628,ngga,O
Gold_628,beda,O
Gold_628,jauh,O
Gold_628,kah,O
Gold_628,?,O
Gold_628,aman,O
Gold_628,aja,O
Gold_628,ya,O
,,
Gold_992,Selamat,O
Gold_992,buat,O
Gold_992,kalian,O
Gold_992,yang,O
Gold_992,beli,O
Gold_992,dibawah,O
Gold_992,bulan,O
Gold_992,lalu,O
Gold_992,.,O
Gold_992,Mimin,O
Gold_992,masih,O
Gold_992,inget,O
Gold_992,banget,O
Gold_992,fearnya,O
Gold_992,kayak,O
Gold_992,gimana,O
Gold_992,.,O
Gold_992,90,O
Gold_992,CT,O
Gold_992,FUD,O
Gold_992,semua,O
Gold_992,.,O
Gold_992,Yang,O
Gold_992,dari,O
Gold_992,kemarin,O
Gold_992,doain,O
Gold_992,hype,B-CRYPTO
Gold_992,turun,O
Gold_992,ke,O
Gold_992,2,O
Gold_992,$,O
Gold_992,tuh,O
Gold_992,udah,O
Gold_992,kejadian,O
Gold_992,.,O
Gold_992,21,O
Gold_992,tapi,O
Gold_992,.,O
Gold_992,Hyperliquid,B-CRYPTO
Gold_992,HTTPURL,O
,,
Gold_815,@USER,O
Gold_815,2006,O
Gold_815,main,O
Gold_815,mirC,O
Gold_815,.,O
Gold_815,Jgn,O
Gold_815,kira,O
Gold_815,dulu,O
Gold_815,membosankan,O
Gold_815,.,O
Gold_815,Mau,O
Gold_815,baik2,O
Gold_815,banyak,O
Gold_815,mau,O
Gold_815,jadi,O
Gold_815,brengsek,O
Gold_815,pun,O
Gold_815,byk,O
Gold_815,.,O
Gold_815,Satu,O
Gold_815,yg,O
Gold_815,saya,O
Gold_815,sesalkan,O
Gold_815,harusnya,O
Gold_815,sy,O
Gold_815,klik,O
Gold_815,iklan,O
Gold_815,beli,O
Gold_815,bitcoin,B-CRYPTO
Gold_815,zaman,O
Gold_815,dulu,O
Gold_815,.,O
,,
Gold_727,@USER,O
Gold_727,Dia,O
Gold_727,mungkin,O
Gold_727,beruntung,O
Gold_727,mempunyai,O
Gold_727,ribuan,O
Gold_727,BTC,B-CRYPTO
Gold_727,saat,O
Gold_727,masih,O
Gold_727,harga,O
Gold_727,BTC,B-CRYPTO
Gold_727,5jt,O
Gold_727,kalikan,O
Gold_727,saja,O
Gold_727,1,O
Gold_727,BTC,B-CRYPTO
Gold_727,1,O
Gold_727,.,O
Gold_727,9M,O
Gold_727,rupiah,O
Gold_727,harga,O
Gold_727,minggu,O
Gold_727,ini,O
,,
Gold_1034,@USER,O
Gold_1034,Burning,O
Gold_1034,Fee,O
Gold_1034,Ethereum,B-CRYPTO
Gold_1034,udah,O
Gold_1034,punya,O
Gold_1034,sistem,O
Gold_1034,di,O
Gold_1034,mana,O
Gold_1034,sebagian,O
Gold_1034,biaya,O
Gold_1034,transaksi,O
Gold_1034,dibakar,O
Gold_1034,EIP,O
Gold_1034,-,O
Gold_1034,1559,O
Gold_1034,.,O
Gold_1034,Supply,O
Gold_1034,makin,O
Gold_1034,dikit,O
Gold_1034,potensi,O
Gold_1034,harga,O
Gold_1034,naik,O
Gold_1034,makin,O
Gold_1034,besar,O
Gold_1034,.,O
Gold_1034,Update,O
Gold_1034,Terus,O
Gold_1034,Tim,O
Gold_1034,Ethereum,B-CRYPTO
Gold_1034,terus,O
Gold_1034,ngembangin,O
Gold_1034,jaringannya,O
Gold_1034,.,O
Gold_1034,Upgrade,O
Gold_1034,kayak,O
Gold_1034,Shanghai,O
Gold_1034,amp,O
Gold_1034,Dencun,O
Gold_1034,bikin,O
Gold_1034,sistem,O
Gold_1034,makin,O
Gold_1034,cepat,O
Gold_1034,dan,O
Gold_1034,efisien,O
Gold_1034,.,O
,,
Gold_211,@USER,O
Gold_211,@USER,O
Gold_211,Kelas,O
Gold_211,nya,O
Gold_211,17,O
Gold_211,juta,O
Gold_211,.,O
Gold_211,Udah,O
Gold_211,bikin,O
Gold_211,orang,O
Gold_211,beli,O
Gold_211,koin,O
Gold_211,sana,O
Gold_211,sini,O
Gold_211,aiueo,O
Gold_211,.,O
Gold_211,Ujung2nya,O
Gold_211,skrg,O
Gold_211,belinya,O
Gold_211,cuma,O
Gold_211,Bitcoin,B-CRYPTO
Gold_211,.,O
Gold_211,Sama,O
Gold_211,saham,O
Gold_211,blue,O
Gold_211,chip,O
Gold_211,eh,O
Gold_211,iya,O
Gold_211,gak,O
Gold_211,ya,O
Gold_211,wkwkwkwkwk,O
Gold_211,.,O
Gold_211,Kalo,O
Gold_211,cuma,O
Gold_211,ujung2nya,O
Gold_211,suruh,O
Gold_211,beli,O
Gold_211,BTC,B-CRYPTO
Gold_211,sm,O
Gold_211,Blue,O
Gold_211,chip,O
Gold_211,ngapain,O
Gold_211,bikin,O
Gold_211,kelas,O
Gold_211,17,O
Gold_211,juta,O
Gold_211,.,O
Gold_211,Nenek2,O
Gold_211,juga,O
Gold_211,bisa,O
,,
Gold_740,Jadi,O
Gold_740,sekarang,O
Gold_740,anda,O
Gold_740,sudah,O
Gold_740,tau,O
Gold_740,bahwa,O
Gold_740,kalau,O
Gold_740,mau,O
Gold_740,untung,O
Gold_740,20,O
Gold_740,-,O
Gold_740,25,O
Gold_740,setahun,O
Gold_740,dengan,O
Gold_740,mudah,O
Gold_740,cukup,O
Gold_740,buka,O
Gold_740,bot,O
Gold_740,spot,O
Gold_740,grid,O
Gold_740,Ethereum,B-CRYPTO
Gold_740,range,O
Gold_740,lebar,O
Gold_740,misalnya,O
Gold_740,"$1,000 ",O
Gold_740,-,O
Gold_740,3000,O
Gold_740,50,O
Gold_740,grid,O
Gold_740,arithmetic,O
Gold_740,.,O
Gold_740,Kalau,O
Gold_740,mau,O
Gold_740,untung,O
Gold_740,30,O
Gold_740,-,O
Gold_740,50,O
Gold_740,setahun,O
Gold_740,maka,O
Gold_740,buka,O
Gold_740,bot,O
Gold_740,ethereum,B-CRYPTO
Gold_740,range,O
Gold_740,sempit,O
Gold_740,dan,O
Gold_740,kombinasi,O
Gold_740,teknik,O
Gold_740,trading,O
Gold_740,buka,O
Gold_740,-,O
Gold_740,tutup,O
Gold_740,bot,O
,,
Gold_817,Ini,O
Gold_817,bau,O
Gold_817,kah,O
Gold_817,.,O
Gold_817,.,O
Gold_817,.,O
Gold_817,Masa,O
Gold_817,ikutan,O
Gold_817,ga,O
Gold_817,eth,B-CRYPTO
Gold_817,nya,O
Gold_817,gda,O
Gold_817,yg,O
Gold_817,nyangkut,O
,,
Gold_1134,4,O
Gold_1134,.,O
Gold_1134,Kepercayaan,O
Gold_1134,ke,O
Gold_1134,Fiat,O
Gold_1134,Melemah,O
Gold_1134,Publik,O
Gold_1134,akan,O
Gold_1134,bertanya,O
Gold_1134,Kalau,O
Gold_1134,pemerintah,O
Gold_1134,sendiri,O
Gold_1134,beli,O
Gold_1134,Bitcoin,B-CRYPTO
Gold_1134,apa,O
Gold_1134,itu,O
Gold_1134,tanda,O
Gold_1134,bahwa,O
Gold_1134,mereka,O
Gold_1134,tidak,O
Gold_1134,percaya,O
Gold_1134,dolar,O
Gold_1134,?,O
Gold_1134,Ini,O
Gold_1134,bisa,O
Gold_1134,picu,O
Gold_1134,krisis,O
Gold_1134,kepercayaan,O
Gold_1134,terhadap,O
Gold_1134,fiat,O
Gold_1134,.,O
,,
Gold_940,kalau,O
Gold_940,kau,O
Gold_940,gaji,O
Gold_940,3k,O
Gold_940,keatas,O
Gold_940,amek,O
Gold_940,je,O
Gold_940,medical,O
Gold_940,card,O
Gold_940,harga,O
Gold_940,tak,O
Gold_940,sampai,O
Gold_940,10,O
Gold_940,Gaji,O
Gold_940,pun,O
Gold_940,kau,O
Gold_940,sakit,O
Gold_940,kau,O
Gold_940,masuk,O
Gold_940,je,O
Gold_940,hospital,O
Gold_940,privert,O
Gold_940,.,O
Gold_940,Hospital,O
Gold_940,gomen,O
Gold_940,ni,O
Gold_940,biar,O
Gold_940,org,O
Gold_940,betul,O
Gold_940,tak,O
Gold_940,mampu,O
Gold_940,je,O
Gold_940,duduk,O
Gold_940,situ,O
Gold_940,.,O
Gold_940,At,O
Gold_940,least,O
Gold_940,kau,O
Gold_940,selesa,O
Gold_940,dgn,O
Gold_940,bilik,O
Gold_940,privert,O
Gold_940,kau,O
Gold_940,ada,O
Gold_940,privacy,O
Gold_940,untuk,O
Gold_940,family,O
Gold_940,.,O
,,
Gold_307,Dalam,O
Gold_307,waktu,O
Gold_307,1,O
Gold_307,hari,O
Gold_307,harga,O
Gold_307,aset,O
Gold_307,kripto,O
Gold_307,MPRO,B-CRYPTO
Gold_307,sudah,O
Gold_307,naik,O
Gold_307,65,O
Gold_307,.,O
Gold_307,41,O
Gold_307,loh,O
Gold_307,!,O
Gold_307,Cek,O
Gold_307,dan,O
Gold_307,beli,O
Gold_307,MPRO,B-CRYPTO
Gold_307,di,O
Gold_307,HTTPURL,O
Gold_307,#INDODAX,O
Gold_307,#AsetMasaDepan,O
Gold_307,#MPRO,B-CRYPTO
Gold_307,HTTPURL,O
,,
Gold_221,Kenapa,O
Gold_221,cuma,O
Gold_221,satu,O
Gold_221,kalau,O
Gold_221,bisa,O
Gold_221,semua,O
Gold_221,?,O
Gold_221,Pluang,O
Gold_221,kasih,O
Gold_221,kamu,O
Gold_221,akses,O
Gold_221,ke,O
Gold_221,semua,O
Gold_221,dari,O
Gold_221,saham,O
Gold_221,AS,O
Gold_221,sampai,O
Gold_221,kripto,O
Gold_221,dari,O
Gold_221,reksa,O
Gold_221,dana,O
Gold_221,hingga,O
Gold_221,emas,O
Gold_221,.,O
Gold_221,Lebih,O
Gold_221,bebas,O
Gold_221,.,O
Gold_221,Lebih,O
Gold_221,bijak,O
Gold_221,.,O
Gold_221,Lebih,O
Gold_221,cuan,O
Gold_221,.,O
Gold_221,Satu,O
Gold_221,Pluang,O
Gold_221,.,O
Gold_221,Jutaan,O
Gold_221,Peluang,O
Gold_221,.,O
Gold_221,#BukaPluang,O
Gold_221,#SatuPluangJutaanPeluang,O
Gold_221,#Investasi,O
Gold_221,#Trading,O
,,
Gold_1073,@USER,O
Gold_1073,@USER,O
Gold_1073,harus,O
Gold_1073,di,O
Gold_1073,fb,O
Gold_1073,dulu,O
Gold_1073,kak,O
Gold_1073,sama,O
Gold_1073,base,O
Gold_1073,nya,O
Gold_1073,bisa,O
Gold_1073,beli,O
Gold_1073,koin,O
Gold_1073,kalau,O
Gold_1073,kamu,O
Gold_1073,belum,O
Gold_1073,di,O
Gold_1073,fb,O
Gold_1073,nitip,O
Gold_1073,di,O
Gold_1073,aku,O
Gold_1073,juga,O
Gold_1073,gapapa,O
,,
Gold_345,@USER,O
Gold_345,Udah,O
Gold_345,lama,O
Gold_345,kak,O
Gold_345,awalnya,O
Gold_345,mail,O
Gold_345,order,O
Gold_345,terus,O
Gold_345,join,O
Gold_345,cf,O
Gold_345,tuh,O
Gold_345,keknya,O
Gold_345,cf18cf19,O
Gold_345,.,O
Gold_345,Masalahnya,O
Gold_345,tuh,O
Gold_345,style,O
Gold_345,beneran,O
Gold_345,180,O
Gold_345,derajat,O
Gold_345,berbeda,O
Gold_345,gitu,O
Gold_345,lo,O
Gold_345,kak,O
Gold_345,.,O
Gold_345,Apalagi,O
Gold_345,doi,O
Gold_345,gak,O
Gold_345,pernah,O
Gold_345,post,O
Gold_345,doi,O
Gold_345,ngegambar,O
Gold_345,cuma,O
Gold_345,up,O
Gold_345,katalog,O
Gold_345,sama,O
Gold_345,bikin,O
Gold_345,chatfic,O
Gold_345,Bisa,O
Gold_345,jadi,O
Gold_345,hype,O
Gold_345,karena,O
Gold_345,series,O
Gold_345,sih,O
Gold_345,jadi,O
Gold_345,gak,O
Gold_345,terlalu,O
Gold_345,mikir,O
Gold_345,pas,O
Gold_345,beli,O
,,
Gold_1468,menunggu,O
Gold_1468,bisa,O
Gold_1468,beli,O
Gold_1468,token,O
Gold_1468,w,O
Gold_1468,nontonin,O
Gold_1468,semua,O
Gold_1468,fancam,O
Gold_1468,sama,O
Gold_1468,video,O
Gold_1468,dia,O
Gold_1468,di,O
Gold_1468,bp2,O
Gold_1468,.,O
Gold_1468,.,O
Gold_1468,tapi,O
Gold_1468,smpe,O
Gold_1468,skrg,O
Gold_1468,msh,O
Gold_1468,blm,O
Gold_1468,menemukan,O
Gold_1468,ketertarikanku,O
Gold_1468,ke,O
Gold_1468,dia,O
Gold_1468,.,O
Gold_1468,.,O
Gold_1468,ah,O
Gold_1468,jebal,O
Gold_1468,klo,O
Gold_1468,dia,O
Gold_1468,masuk,O
Gold_1468,lineup,O
Gold_1468,apakah,O
Gold_1468,ku,O
Gold_1468,bisa,O
Gold_1468,suka,O
Gold_1468,?,O
Gold_1468,i,O
Gold_1468,think,O
Gold_1468,no,O
Gold_1468,HTTPURL,O
,,
Gold_1199,@USER,O
Gold_1199,WLFI,B-CRYPTO
Gold_1199,beli,O
Gold_1199,ETH,B-CRYPTO
Gold_1199,di,O
Gold_1199,3k,O
Gold_1199,Ayo,O
Gold_1199,ikutin,O
Gold_1199,anak,O
Gold_1199,anaknya,O
Gold_1199,Trump,O
Gold_1199,akumulasi,O
Gold_1199,ETH,B-CRYPTO
Gold_1199,WLFI,B-CRYPTO
Gold_1199,jual,O
Gold_1199,ETH,B-CRYPTO
Gold_1199,di,O
Gold_1199,1,O
Gold_1199,.,O
Gold_1199,4k,O
Gold_1199,Sekelas,O
Gold_1199,Trump,O
Gold_1199,aja,O
Gold_1199,CL,O
Gold_1199,masa,O
Gold_1199,kita,O
Gold_1199,enggak,O
,,
Gold_955,Harga,O
Gold_955,emas,O
Gold_955,XAU,O
Gold_955,lagi,O
Gold_955,bersinar,O
Gold_955,!,O
Gold_955,Naik,O
Gold_955,Rp32,O
Gold_955,.,O
Gold_955,0,O
Gold_955,per,O
Gold_955,gram,O
Gold_955,kini,O
Gold_955,tembus,O
Gold_955,Rp1,O
Gold_955,.,O
Gold_955,975,O
Gold_955,.,O
Gold_955,0,O
Gold_955,dan,O
Gold_955,diprediksi,O
Gold_955,bisa,O
Gold_955,capai,O
Gold_955,Rp2,O
Gold_955,1,O
Gold_955,juta,O
Gold_955,kalau,O
Gold_955,inflasi,O
Gold_955,AS,O
Gold_955,terus,O
Gold_955,tinggi,O
Gold_955,.,O
Gold_955,Sementara,O
Gold_955,itu,O
Gold_955,Bitcoin,B-CRYPTO
Gold_955,BTC,B-CRYPTO
Gold_955,justru,O
Gold_955,masuk,O
Gold_955,mode,O
Gold_955,diam,O
Gold_955,konsolidasi,O
Gold_955,di,O
Gold_955,kisaran,O
Gold_955,Rp1,O
Gold_955,3,O
Gold_955,miliar,O
Gold_955,tanpa,O
Gold_955,arah,O
Gold_955,jelas,O
Gold_955,.,O
Gold_955,HTTPURL,O
,,
Gold_1361,@USER,O
Gold_1361,Beli,O
Gold_1361,bitcoin,B-CRYPTO
Gold_1361,aja,O
,,
Gold_1455,@USER,O
Gold_1455,info,O
Gold_1455,in,O
Gold_1455,yg,O
Gold_1455,jual,O
Gold_1455,koin,O
Gold_1455,murce,O
Gold_1455,plss,O
,,
Gold_63,Baru,O
Gold_63,keinget,O
Gold_63,ini,O
Gold_63,koin,O
Gold_63,bisa,O
Gold_63,dijual,O
Gold_63,kenapa,O
Gold_63,ga,O
Gold_63,gue,O
Gold_63,jual,O
Gold_63,aja,O
Gold_63,ya,O
Gold_63,anjir,O
,,
Gold_268,vix,O
Gold_268,spx,O
Gold_268,ada,O
Gold_268,gap,O
Gold_268,belum,O
Gold_268,di,O
Gold_268,closing,O
Gold_268,.,O
Gold_268,btc,B-CRYPTO
Gold_268,ada,O
Gold_268,gap,O
Gold_268,belum,O
Gold_268,di,O
Gold_268,closing,O
Gold_268,.,O
Gold_268,.,O
Gold_268,.,O
Gold_268,fact,O
Gold_268,nya,O
Gold_268,smart,O
Gold_268,money,O
Gold_268,lg,O
Gold_268,masuk,O
Gold_268,risk,O
Gold_268,aset,O
Gold_268,.,O
Gold_268,.,O
Gold_268,inflasi,O
Gold_268,masih,O
Gold_268,stiky,O
Gold_268,.,O
Gold_268,.,O
Gold_268,cpi,O
Gold_268,aturan,O
Gold_268,dengan,O
Gold_268,gdp,O
Gold_268,us,O
Gold_268,yg,O
Gold_268,udah,O
Gold_268,negatif,O
Gold_268,Q1,O
Gold_268,harga,O
Gold_268,minyak,O
Gold_268,yg,O
Gold_268,turun,O
Gold_268,harusnya,O
Gold_268,CPI,O
Gold_268,bisa,O
Gold_268,di,O
Gold_268,bawah,O
Gold_268,2,O
Gold_268,inilah,O
Gold_268,kenapa,O
Gold_268,gw,O
Gold_268,agak,O
Gold_268,ragu,O
,,
Gold_642,@USER,O
Gold_642,Ada,O
Gold_642,lagi,O
Gold_642,sebenernya,O
Gold_642,kalau,O
Gold_642,lu,O
Gold_642,kehabisan,O
Gold_642,bacaan,O
Gold_642,masih,O
Gold_642,on,O
Gold_642,going,O
Gold_642,di,O
Gold_642,lezhin,O
Gold_642,tapi,O
Gold_642,gue,O
Gold_642,mau,O
Gold_642,nabung,O
Gold_642,chapter,O
Gold_642,dulu,O
Gold_642,soalnya,O
Gold_642,koin,O
Gold_642,lezhin,O
Gold_642,semakin,O
Gold_642,mahal,O
Gold_642,karena,O
Gold_642,beli,O
Gold_642,pake,O
Gold_642,dollar,O
,,
Gold_570,Bikin,O
Gold_570,koin,O
Gold_570,crypto,O
Gold_570,#MBG,B-CRYPTO
Gold_570,yang,O
Gold_570,harganya,O
Gold_570,bukan,O
Gold_570,pakai,O
Gold_570,mekanisme,O
Gold_570,pasar,O
Gold_570,melainkan,O
Gold_570,pakai,O
Gold_570,standar,O
Gold_570,harga,O
Gold_570,satu,O
Gold_570,hari,O
Gold_570,MBG,O
,,
Gold_1312,@USER,O
Gold_1312,Kok,O
Gold_1312,kayak,O
Gold_1312,orang,O
Gold_1312,-,O
Gold_1312,orang,O
Gold_1312,yang,O
Gold_1312,dulu,O
Gold_1312,beli,O
Gold_1312,token,O
Gold_1312,$ASIX,B-CRYPTO
Gold_1312,pas,O
Gold_1312,longsor,O
,,
Gold_193,Setiap,O
Gold_193,kali,O
Gold_193,altseason,O
Gold_193,dimulai,O
Gold_193,entah,O
Gold_193,kenapa,O
Gold_193,Agustus,O
Gold_193,selalu,O
Gold_193,jadi,O
Gold_193,pemicunya,O
Gold_193,Polanya,O
Gold_193,berulang,O
Gold_193,hampir,O
Gold_193,tiap,O
Gold_193,4,O
Gold_193,tahun,O
Gold_193,koin,O
Gold_193,-,O
Gold_193,koin,O
Gold_193,kecil,O
Gold_193,mulai,O
Gold_193,ngegas,O
Gold_193,tanpa,O
Gold_193,aba,O
Gold_193,-,O
Gold_193,aba,O
Gold_193,.,O
Gold_193,2021,O
Gold_193,jadi,O
Gold_193,saksi,O
Gold_193,gimana,O
Gold_193,lowcap,O
Gold_193,bisa,O
Gold_193,terbang,O
Gold_193,ratusan,O
Gold_193,kali,O
Gold_193,lipat,O
Gold_193,dalam,O
Gold_193,waktu,O
Gold_193,singkat,O
Gold_193,.,O
Gold_193,Sekarang,O
Gold_193,?,O
Gold_193,Banyak,O
Gold_193,yang,O
Gold_193,mulai,O
Gold_193,pasang,O
Gold_193,HTTPURL,O
,,
Gold_643,Thread,O
Gold_643,Cara,O
Gold_643,Dapat,O
Gold_643,USDT,B-CRYPTO
Gold_643,Gratis,O
Gold_643,dari,O
Gold_643,@USER,O
Gold_643,1,O
Gold_643,Mau,O
Gold_643,dapet,O
Gold_643,cuan,O
Gold_643,USDT,B-CRYPTO
Gold_643,sambil,O
Gold_643,bikin,O
Gold_643,konten,O
Gold_643,ringan,O
Gold_643,di,O
Gold_643,Twitter,O
Gold_643,?,O
Gold_643,Spell,O
Gold_643,Wallet,O
Gold_643,lagi,O
Gold_643,bagi,O
Gold_643,-,O
Gold_643,bagi,O
Gold_643,hadiah,O
Gold_643,$1,O
Gold_643,250,O
Gold_643,USDT,B-CRYPTO
Gold_643,buat,O
Gold_643,para,O
Gold_643,kreator,O
Gold_643,!,O
Gold_643,Gampang,O
Gold_643,banget,O
Gold_643,cara,O
Gold_643,ikutnya,O
Gold_643,@USER,O
,,
Gold_1121,@USER,O
Gold_1121,@USER,O
Gold_1121,kebetulan,O
Gold_1121,aku,O
Gold_1121,dijakarta,O
Gold_1121,ka,O
Gold_1121,amp,O
Gold_1121,udh,O
Gold_1121,cek,O
Gold_1121,SCnya,O
Gold_1121,ada,O
Gold_1121,dimana,O
Gold_1121,aja,O
Gold_1121,cmm,O
Gold_1121,makin,O
Gold_1121,kesini,O
Gold_1121,aku,O
Gold_1121,makin,O
Gold_1121,bingung,O
Gold_1121,beli,O
Gold_1121,antara,O
Gold_1121,advan,O
Gold_1121,1215U1220p,O
Gold_1121,atau,O
Gold_1121,axioo,O
Gold_1121,hype,O
Gold_1121,3,O
Gold_1121,G11,O
Gold_1121,i3,O
Gold_1121,1125G4hype,O
Gold_1121,5,O
Gold_1121,x3,O
Gold_1121,amd,O
Gold_1121,ryzen,O
Gold_1121,5,O
Gold_1121,3500U,O
Gold_1121,ada,O
Gold_1121,saran,O
Gold_1121,ga,O
Gold_1121,ya,O
Gold_1121,ka,O
Gold_1121,?,O
Gold_1121,soalnya,O
Gold_1121,budget,O
Gold_1121,segini,O
Gold_1121,bgini,O
Gold_1121,beli,O
Gold_1121,produk,O
Gold_1121,luar,O
Gold_1121,kyk,O
Gold_1121,kurang,O
Gold_1121,rekomen,O
Gold_1121,prosesornya,O
,,
Gold_860,Kejutan,O
Gold_860,66th,O
Gold_860,Maybank,O
Gold_860,Anniversary,O
Gold_860,!,O
Gold_860,Nikmati,O
Gold_860,berbagai,O
Gold_860,kejutan,O
Gold_860,spesial,O
Gold_860,di,O
Gold_860,kemeriahaan,O
Gold_860,ulang,O
Gold_860,tahun,O
Gold_860,Maybank,O
Gold_860,ke,O
Gold_860,-,O
Gold_860,66,O
Gold_860,Diskon,O
Gold_860,66,O
Gold_860,di,O
Gold_860,Chatime,O
Gold_860,Gindaco,O
Gold_860,Solaria,O
Gold_860,dan,O
Gold_860,Foodhall,O
Gold_860,15,O
Gold_860,Mei,O
Gold_860,2025,O
Gold_860,.,O
Gold_860,Spesial,O
Gold_860,di,O
Gold_860,15,O
Gold_860,17,O
Gold_860,Mei,O
Gold_860,2025,O
Gold_860,aktivitasmu,O
Gold_860,makin,O
Gold_860,seru,O
Gold_860,dengan,O
Gold_860,Belanja,O
Gold_860,hemat,O
Gold_860,66,O
Gold_860,di,O
Gold_860,Sayurbox,O
Gold_860,amp,O
Gold_860,MAPCLUB,O
Gold_860,.,O
Gold_860,HTTPURL,O
,,
Gold_404,@USER,O
Gold_404,Volume,O
Gold_404,besar,O
Gold_404,saat,O
Gold_404,harga,O
Gold_404,nyungsep,O
Gold_404,bukan,O
Gold_404,selalu,O
Gold_404,diartikan,O
Gold_404,akumulasi,O
Gold_404,bisa,O
Gold_404,jadi,O
Gold_404,secara,O
Gold_404,quantity,O
Gold_404,coin,O
Gold_404,yang,O
Gold_404,dibuang,O
Gold_404,jauh,O
Gold_404,lebih,O
Gold_404,banyak,O
Gold_404,dibandingkan,O
Gold_404,week,O
Gold_404,-,O
Gold_404,week,O
Gold_404,sebelumnya,O
Gold_404,terlebih,O
Gold_404,apabila,O
Gold_404,jadwal,O
Gold_404,unlock,O
Gold_404,mepet,O
Gold_404,.,O
Gold_404,Sudah,O
Gold_404,jelas,O
Gold_404,yang,O
Gold_404,nyedot,O
Gold_404,liqudity,O
Gold_404,developer,O
Gold_404,proyek,O
Gold_404,itu,O
Gold_404,sendiri,O
Gold_404,.,O
,,
Gold_288,AIfeed,O
Gold_288,Arthur,O
Gold_288,Hayes,O
Gold_288,Jual,O
Gold_288,Jutaan,O
Gold_288,Dolar,O
Gold_288,Kripto,O
Gold_288,di,O
Gold_288,Tengah,O
Gold_288,Pasar,O
Gold_288,yang,O
Gold_288,Bergejolak,O
,,
Gold_1273,@USER,O
Gold_1273,saldo,O
Gold_1273,dana,O
Gold_1273,saya,O
Gold_1273,diretas,O
Gold_1273,penipu,O
Gold_1273,untuk,O
Gold_1273,beli,O
Gold_1273,voucher,O
Gold_1273,game,O
Gold_1273,online,O
Gold_1273,ini,O
Gold_1273,trx,O
Gold_1273,pertama,O
Gold_1273,HTTPURL,O
,,
Gold_1003,@USER,O
Gold_1003,Kalo,O
Gold_1003,nilai,O
Gold_1003,coinnya,O
Gold_1003,turun,O
Gold_1003,selama,O
Gold_1003,ga,O
Gold_1003,langsung,O
Gold_1003,instant,O
Gold_1003,harusnya,O
Gold_1003,kerugian,O
Gold_1003,dari,O
Gold_1003,turunnya,O
Gold_1003,harga,O
Gold_1003,coin,O
Gold_1003,tersebut,O
Gold_1003,udah,O
Gold_1003,dicover,O
Gold_1003,ama,O
Gold_1003,fees,O
Gold_1003,sih,O
Gold_1003,.,O
Gold_1003,Turunnya,O
Gold_1003,harga,O
Gold_1003,koin,O
Gold_1003,ketika,O
Gold_1003,kita,O
Gold_1003,dlmm,O
Gold_1003,disebutnya,O
Gold_1003,IL,O
Gold_1003,atau,O
Gold_1003,impermanent,O
Gold_1003,loss,O
Gold_1003,.,O
,,
Gold_1436,@USER,O
Gold_1436,Polygon,B-CRYPTO
Gold_1436,Optimism,B-CRYPTO
Gold_1436,dan,O
Gold_1436,Immutable,B-CRYPTO
Gold_1436,semua,O
Gold_1436,lagi,O
Gold_1436,volatile,O
Gold_1436,tapi,O
Gold_1436,peluang,O
Gold_1436,rebound,O
Gold_1436,teknikal,O
Gold_1436,terbuka,O
Gold_1436,karena,O
Gold_1436,CRSI,O
Gold_1436,oversold,O
Gold_1436,di,O
Gold_1436,POL,B-CRYPTO
Gold_1436,amp,O
Gold_1436,OP,B-CRYPTO
Gold_1436,sedangkan,O
Gold_1436,IMX,B-CRYPTO
Gold_1436,baru,O
Gold_1436,saja,O
Gold_1436,konsolidasi,O
Gold_1436,abis,O
Gold_1436,reli,O
Gold_1436,.,O
Gold_1436,POL,B-CRYPTO
Gold_1436,punya,O
Gold_1436,fundamental,O
Gold_1436,DeFi,O
Gold_1436,dan,O
Gold_1436,NFT,O
Gold_1436,yang,O
Gold_1436,makin,O
Gold_1436,kuat,O
Gold_1436,OP,B-CRYPTO
Gold_1436,sedang,O
Gold_1436,tarik,O
Gold_1436,minat,O
Gold_1436,walau,O
Gold_1436,ada,O
Gold_1436,isu,O
Gold_1436,performa,O
Gold_1436,IMX,B-CRYPTO
,,
Gold_1059,@USER,O
Gold_1059,Budaya,O
Gold_1059,kami,O
Gold_1059,beli,O
Gold_1059,di,O
Gold_1059,bawah,O
Gold_1059,eh,O
Gold_1059,tiarap,O
Gold_1059,ini,O
Gold_1059,coin,O
Gold_1059,kenapa,O
Gold_1059,3,O
Gold_1059,hari,O
Gold_1059,Hiatus,O
Gold_1059,malah,O
Gold_1059,turun,O
Gold_1059,tips,O
Gold_1059,ajig,O
Gold_1059,mana,O
Gold_1059,coin,O
Gold_1059,yg,O
Gold_1059,lain,O
Gold_1059,stabil,O
Gold_1059,naik,O
Gold_1059,turunnya,O
Gold_1059,tiap,O
Gold_1059,hari,O
,,
Gold_1292,@USER,O
Gold_1292,Eth,B-CRYPTO
Gold_1292,lah,O
Gold_1292,beli,O
Gold_1292,26,O
Gold_1292,juta,O
Gold_1292,lu,O
Gold_1292,stacking,O
Gold_1292,aja,O
Gold_1292,juga,O
Gold_1292,passive,O
Gold_1292,income,O
,,
Gold_455,Halo,O
Gold_455,@USER,O
Gold_455,apakah,O
Gold_455,gua,O
Gold_455,cuma,O
Gold_455,beruntung,O
Gold_455,beli,O
Gold_455,coin,O
Gold_455,dex,O
Gold_455,5,O
Gold_455,kali,O
Gold_455,cutlose,O
Gold_455,1x,O
Gold_455,dan,O
Gold_455,profit,O
Gold_455,4x,O
Gold_455,cuma,O
Gold_455,melihat,O
Gold_455,dengan,O
Gold_455,volumenya,O
Gold_455,saja,O
Gold_455,dan,O
Gold_455,candlenya,O
Gold_455,HTTPURL,O
,,
Gold_696,5,O
Gold_696,.,O
Gold_696,Komunitas,O
Gold_696,juga,O
Gold_696,nemuin,O
Gold_696,bahwa,O
Gold_696,Mantra,O
Gold_696,pernah,O
Gold_696,distribusi,O
Gold_696,token,O
Gold_696,ke,O
Gold_696,investor,O
Gold_696,lewat,O
Gold_696,jalur,O
Gold_696,OTC,O
Gold_696,alias,O
Gold_696,Over,O
Gold_696,The,O
Gold_696,Counter,O
Gold_696,dan,O
Gold_696,dijual,O
Gold_696,dengan,O
Gold_696,harga,O
Gold_696,diskon,O
Gold_696,sampai,O
Gold_696,50,O
Gold_696,.,O
Gold_696,Jadi,O
Gold_696,banyak,O
Gold_696,investor,O
Gold_696,bisa,O
Gold_696,dapat,O
Gold_696,token,O
Gold_696,jauh,O
Gold_696,lebih,O
Gold_696,murah,O
Gold_696,dari,O
Gold_696,harga,O
Gold_696,pasar,O
Gold_696,.,O
,,
Gold_402,update,O
Gold_402,dunia,O
Gold_402,AI,O
Gold_402,dan,O
Gold_402,crypto,O
Gold_402,24,O
Gold_402,jam,O
Gold_402,terakhir,O
Gold_402,biar,O
Gold_402,tetap,O
Gold_402,up,O
Gold_402,to,O
Gold_402,date,O
Gold_402,.,O
Gold_402,gt,O
Gold_402,$AERO,B-CRYPTO
Gold_402,baru,O
Gold_402,launch,O
Gold_402,economic,O
Gold_402,model,O
Gold_402,baru,O
Gold_402,Predictive,O
Gold_402,Allocation,O
Gold_402,di,O
Gold_402,EthCC9,O
Gold_402,eta,O
Gold_402,Juli,O
Gold_402,2026,O
Gold_402,gt,O
Gold_402,$ANIME,B-CRYPTO
Gold_402,pump,O
Gold_402,140,O
Gold_402,0,O
Gold_402,setelah,O
Gold_402,Elon,O
Gold_402,Musk,O
Gold_402,post,O
Gold_402,foto,O
Gold_402,anime,O
Gold_402,dan,O
Gold_402,bitcoin,B-CRYPTO
Gold_402,gt,O
Gold_402,Qwen3,O
Gold_402,.,O
Gold_402,5,O
Gold_402,-,O
Gold_402,Omni,O
Gold_402,rilis,O
Gold_402,scaling,O
Gold_402,up,O
Gold_402,ke,O
Gold_402,native,O
Gold_402,HTTPURL,O
,,
Gold_1304,Apa,O
Gold_1304,yang,O
Gold_1304,sedang,O
Gold_1304,terjadi,O
Gold_1304,?,O
Gold_1304,Bitcoin,B-CRYPTO
Gold_1304,mendapatkan,O
Gold_1304,momentum,O
Gold_1304,karena,O
Gold_1304,melemahnya,O
Gold_1304,dolar,O
Gold_1304,A,O
Gold_1304,.,O
Gold_1304,S,O
Gold_1304,dan,O
Gold_1304,meningkatnya,O
Gold_1304,risiko,O
Gold_1304,inflasi,O
Gold_1304,.,O
Gold_1304,Para,O
Gold_1304,investor,O
Gold_1304,semakin,O
Gold_1304,beralih,O
Gold_1304,ke,O
Gold_1304,Bitcoin,B-CRYPTO
Gold_1304,sebagai,O
Gold_1304,lindung,O
Gold_1304,nilai,O
Gold_1304,terhadap,O
Gold_1304,jatuhnya,O
Gold_1304,pasar,O
Gold_1304,saham,O
Gold_1304,.,O
Gold_1304,Dana,O
Gold_1304,kripto,O
Gold_1304,$3,O
Gold_1304,6B,O
Gold_1304,Cantor,O
Gold_1304,Fitzgerald,O
Gold_1304,yang,O
Gold_1304,didukung,O
Gold_1304,oleh,O
,,
Gold_609,Sukses,O
Gold_609,di,O
Gold_609,kripto,O
Gold_609,itu,O
Gold_609,20,O
Gold_609,skill,O
Gold_609,80,O
Gold_609,disiplin,O
Gold_609,.,O
Gold_609,Yang,O
Gold_609,disiplin,O
Gold_609,biasanya,O
Gold_609,lebih,O
Gold_609,cuan,O
Gold_609,.,O
Gold_609,#BybitIndonesia,O
Gold_609,#CryptoDiscipline,O
,,
Gold_1280,@USER,O
Gold_1280,Sekarang,O
Gold_1280,beli,O
Gold_1280,token,O
Gold_1280,yang,O
Gold_1280,20ribu,O
Gold_1280,kudu,O
Gold_1280,bayar,O
Gold_1280,23,O
Gold_1280,.,O
Gold_1280,500,O
Gold_1280,Setelah,O
Gold_1280,naik,O
Gold_1280,15,O
Gold_1280,jadi,O
Gold_1280,kudu,O
Gold_1280,bayar,O
Gold_1280,berapa,O
Gold_1280,?,O
,,
Gold_869,Selamat,O
Gold_869,Siang,O
Gold_869,Tokonauts,O
Gold_869,!,O
Gold_869,Hari,O
Gold_869,ini,O
Gold_869,$STPT,B-CRYPTO
Gold_869,mengalami,O
Gold_869,kenaikan,O
Gold_869,sebesar,O
Gold_869,38,O
Gold_869,.,O
Gold_869,45,O
Gold_869,diikuti,O
Gold_869,oleh,O
Gold_869,$GAS,B-CRYPTO
Gold_869,dengan,O
Gold_869,kenaikan,O
Gold_869,sebesar,O
Gold_869,35,O
Gold_869,.,O
Gold_869,24,O
Gold_869,dalam,O
Gold_869,24,O
Gold_869,jam,O
Gold_869,terakhir,O
Gold_869,.,O
Gold_869,Trading,O
Gold_869,$STPT,B-CRYPTO
Gold_869,dan,O
Gold_869,$GAS,B-CRYPTO
Gold_869,hari,O
Gold_869,ini,O
Gold_869,di,O
Gold_869,Tokocrypto,O
Gold_869,#ExchangeIndonesia,O
Gold_869,!,O
Gold_869,Cek,O
Gold_869,HTTPURL,O
Gold_869,dan,O
Gold_869,subscribe,O
Gold_869,channel,O
Gold_869,HTTPURL,O
,,
Gold_70,Staking,O
Gold_70,bisa,O
Gold_70,dilakukan,O
Gold_70,di,O
Gold_70,chain,O
Gold_70,yang,O
Gold_70,berbeda,O
Gold_70,seperti,O
Gold_70,Binance,O
Gold_70,ETH,O
Gold_70,atau,O
Gold_70,ARB,O
Gold_70,.,O
Gold_70,Kamu,O
Gold_70,bisa,O
Gold_70,beli,O
Gold_70,$Sfund,B-CRYPTO
Gold_70,di,O
Gold_70,Binance,O
Gold_70,atau,O
Gold_70,Uniswap,O
Gold_70,.,O
Gold_70,Ukuran,O
Gold_70,staking,O
Gold_70,kamu,O
Gold_70,berapa,O
Gold_70,lama,O
Gold_70,kamu,O
Gold_70,mengunci,O
Gold_70,stake,O
Gold_70,poin,O
Gold_70,multiplier,O
Gold_70,.,O
Gold_70,HTTPURL,O
,,
Gold_746,Bitcoin,B-CRYPTO
Gold_746,udah,O
Gold_746,naik,O
Gold_746,tinggi,O
Gold_746,tapi,O
Gold_746,kenapa,O
Gold_746,altcoin,O
Gold_746,masih,O
Gold_746,sepi,O
Gold_746,bang,O
Gold_746,?,O
Gold_746,Kapan,O
Gold_746,altseason,O
Gold_746,datang,O
Gold_746,sih,O
Gold_746,?,O
Gold_746,Jangan,O
Gold_746,sampai,O
Gold_746,kamu,O
Gold_746,ketinggalan,O
Gold_746,momen,O
Gold_746,merubah,O
Gold_746,hidup,O
Gold_746,kamu,O
Gold_746,di,O
Gold_746,crypto,O
Gold_746,ini,O
Gold_746,Kapan,O
Gold_746,Altseason,O
Gold_746,Terjadi,O
Gold_746,dan,O
Gold_746,Kenapa,O
Gold_746,Itu,O
Gold_746,Penting,O
Gold_746,?,O
Gold_746,1,O
Gold_746,Altseason,O
Gold_746,Altcoin,O
Gold_746,Season,O
Gold_746,Yaitu,O
Gold_746,periode,O
Gold_746,saat,O
Gold_746,altcoin,O
Gold_746,selain,O
Gold_746,HTTPURL,O
,,
Gold_1411,@USER,O
Gold_1411,@USER,O
Gold_1411,Sama,O
Gold_1411,sama,O
Gold_1411,All,O
Gold_1411,in,O
Gold_1411,ETH,B-CRYPTO
Gold_1411,bang,O
Gold_1411,mental,O
Gold_1411,skrg,O
Gold_1411,udah,O
Gold_1411,pasrah,O
Gold_1411,aja,O
Gold_1411,beli,O
Gold_1411,dan,O
Gold_1411,lupakan,O
Gold_1411,hehe,O
Gold_1411,see,O
Gold_1411,u,O
Gold_1411,next,O
Gold_1411,cycle,O
,,
Gold_190,Dalam,O
Gold_190,waktu,O
Gold_190,1,O
Gold_190,hari,O
Gold_190,harga,O
Gold_190,aset,O
Gold_190,kripto,O
Gold_190,RARE,B-CRYPTO
Gold_190,sudah,O
Gold_190,naik,O
Gold_190,28,O
Gold_190,.,O
Gold_190,31,O
Gold_190,loh,O
Gold_190,!,O
Gold_190,Cek,O
Gold_190,dan,O
Gold_190,beli,O
Gold_190,RARE,O
Gold_190,di,O
Gold_190,HTTPURL,O
Gold_190,#INDODAX,O
Gold_190,#AsetMasaDepan,O
Gold_190,#RARE,B-CRYPTO
Gold_190,HTTPURL,O
,,
Gold_304,@USER,O
Gold_304,@USER,O
Gold_304,Jadi,O
Gold_304,keinget,O
Gold_304,crypto,O
Gold_304,bikin,O
Gold_304,konten,O
Gold_304,biar,O
Gold_304,pada,O
Gold_304,beli,O
Gold_304,padahal,O
Gold_304,itu,O
Gold_304,calon,O
Gold_304,korban,O
Gold_304,exit,O
Gold_304,liquidity,O
Gold_304,dia,O
,,
Gold_480,@USER,O
Gold_480,@USER,O
Gold_480,$500,O
Gold_480,USDT,B-CRYPTO
Gold_480,buat,O
Gold_480,tebak,O
Gold_480,harga,O
Gold_480,pizza,O
Gold_480,?,O
Gold_480,Gas,O
Gold_480,banget,O
Gold_480,!,O
,,
Gold_122,NEW,O
Gold_122,DePIN,O
Gold_122,OptimAI,B-CRYPTO
Gold_122,Gacor,O
Gold_122,Banget,O
Gold_122,!,O
Gold_122,Early,O
Gold_122,access,O
Gold_122,lagi,O
Gold_122,buka,O
Gold_122,mumpung,O
Gold_122,masih,O
Gold_122,sepi,O
Gold_122,daftarin,O
Gold_122,diri,O
Gold_122,jadi,O
Gold_122,OG,O
Gold_122,sekarang,O
Gold_122,!,O
Gold_122,Daftar,O
Gold_122,HTTPURL,O
Gold_122,Gampang,O
Gold_122,banget,O
Gold_122,!,O
Gold_122,Buat,O
Gold_122,akun,O
Gold_122,pasang,O
Gold_122,extension,O
Gold_122,jalanin,O
Gold_122,tiap,O
Gold_122,hari,O
Gold_122,dan,O
Gold_122,cuan,O
Gold_122,deh,O
Gold_122,!,O
Gold_122,#OptimAI,B-CRYPTO
Gold_122,#DePIN,O
Gold_122,#CuanSantuy,O
,,
Gold_1221,Bakar,O
Gold_1221,aja,O
Gold_1221,terus,O
Gold_1221,tuh,O
Gold_1221,koin,O
Gold_1221,kaga,O
Gold_1221,ada,O
Gold_1221,yg,O
Gold_1221,beli,O
Gold_1221,pada,O
Gold_1221,baee,O
Gold_1221,.,O
Gold_1221,.,O
,,
Gold_1170,Cara,O
Gold_1170,membeli,O
Gold_1170,meme,O
Gold_1170,coin,O
Gold_1170,di,O
Gold_1170,Solana,O
Gold_1170,?,O
Gold_1170,Ya,O
Gold_1170,pakai,O
Gold_1170,@USER,O
Gold_1170,aja,O
Gold_1170,guys,O
Gold_1170,!,O
Gold_1170,Visit,O
Gold_1170,HTTPURL,O
Gold_1170,dan,O
Gold_1170,beli,O
Gold_1170,meme,O
Gold_1170,coin,O
Gold_1170,pertama,O
Gold_1170,mu,O
Gold_1170,sekarang,O
Gold_1170,HTTPURL,O
,,
Gold_411,Dalam,O
Gold_411,waktu,O
Gold_411,1,O
Gold_411,hari,O
Gold_411,harga,O
Gold_411,aset,O
Gold_411,kripto,O
Gold_411,SPX,B-CRYPTO
Gold_411,sudah,O
Gold_411,naik,O
Gold_411,7,O
Gold_411,.,O
Gold_411,68,O
Gold_411,loh,O
Gold_411,!,O
Gold_411,Cek,O
Gold_411,dan,O
Gold_411,beli,O
Gold_411,SPX,B-CRYPTO
Gold_411,di,O
Gold_411,HTTPURL,O
Gold_411,#INDODAX,O
Gold_411,#AsetMasaDepan,O
Gold_411,#SPX,O
Gold_411,HTTPURL,O
,,
Gold_1043,Untuk,O
Gold_1043,kali,O
Gold_1043,ini,O
Gold_1043,gw,O
Gold_1043,beneran,O
Gold_1043,kapok,O
Gold_1043,karena,O
Gold_1043,udh,O
Gold_1043,2,O
Gold_1043,bulan,O
Gold_1043,dihajar,O
Gold_1043,market,O
Gold_1043,.,O
Gold_1043,.,O
Gold_1043,.,O
Gold_1043,padahal,O
Gold_1043,gw,O
Gold_1043,udh,O
Gold_1043,mastiin,O
Gold_1043,bahwa,O
Gold_1043,sebelum,O
Gold_1043,entry,O
Gold_1043,itu,O
Gold_1043,pasang,O
Gold_1043,stop,O
Gold_1043,loss,O
Gold_1043,dan,O
Gold_1043,tp,O
Gold_1043,.,O
Gold_1043,Udh,O
Gold_1043,analisa,O
Gold_1043,dan,O
Gold_1043,cari,O
Gold_1043,tau,O
Gold_1043,use,O
Gold_1043,case,O
Gold_1043,coin,O
Gold_1043,aja,O
Gold_1043,masih,O
Gold_1043,kehajar,O
Gold_1043,gw,O
Gold_1043,apakabar,O
Gold_1043,yang,O
Gold_1043,beli,O
Gold_1043,karena,O
Gold_1043,fomo,O
Gold_1043,karena,O
Gold_1043,kolom,O
Gold_1043,hot,O
Gold_1043,coin,O
Gold_1043,belaka,O
Gold_1043,.,O
,,
Gold_1036,@USER,O
Gold_1036,Semua,O
Gold_1036,semua,O
Gold_1036,dibilang,O
Gold_1036,fomo,O
Gold_1036,namanya,O
Gold_1036,lagi,O
Gold_1036,hype,O
Gold_1036,lagi,O
Gold_1036,dipromosiin,O
Gold_1036,banyak,O
Gold_1036,yg,O
Gold_1036,nonton,O
Gold_1036,meskipun,O
Gold_1036,ngikut,O
Gold_1036,temen,O
Gold_1036,yaa,O
Gold_1036,bagus,O
Gold_1036,dong,O
Gold_1036,berarti,O
Gold_1036,marketingnya,O
Gold_1036,berhasil,O
Gold_1036,.,O
Gold_1036,Fomo,O
Gold_1036,tuh,O
Gold_1036,beli,O
Gold_1036,barang,O
Gold_1036,mahal,O
Gold_1036,yg,O
Gold_1036,sebenernya,O
Gold_1036,nyusahin,O
Gold_1036,diri,O
Gold_1036,sendiri,O
Gold_1036,tapi,O
Gold_1036,maksa,O
Gold_1036,beli,O
Gold_1036,krn,O
Gold_1036,temen2,O
Gold_1036,pada,O
Gold_1036,beli,O
Gold_1036,takut,O
Gold_1036,ketinggalan,O
Gold_1036,.,O
,,
Gold_250,Open,O
Gold_250,sharing,O
Gold_250,5th,O
Gold_250,anniversary,O
Gold_250,merch,O
Gold_250,Treasure,O
Gold_250,-,O
Gold_250,-,O
Gold_250,letter,O
Gold_250,card,O
Gold_250,set,O
Gold_250,5pc,O
Gold_250,50k,O
Gold_250,dp,O
Gold_250,10k,O
Gold_250,Kalau,O
Gold_250,mau,O
Gold_250,sharing,O
Gold_250,12k,O
Gold_250,dp,O
Gold_250,3k,O
Gold_250,sukhoon,O
Gold_250,yoshikyu,O
Gold_250,jaesahi,O
Gold_250,haruyoung,O
Gold_250,woohwan,O
Gold_250,-,O
Gold_250,-,O
Gold_250,coin,O
Gold_250,card,O
Gold_250,20k,O
Gold_250,dp,O
Gold_250,5k,O
Gold_250,Hyunsuk,O
Gold_250,Jihoon,O
Gold_250,Yoshi,O
Gold_250,Junkyu,O
Gold_250,Jaehyuk,O
Gold_250,Asahi,O
Gold_250,Doyoung,O
Gold_250,Haruto,O
Gold_250,Jeongwoo,O
Gold_250,HTTPURL,O
,,
Gold_139,Crypto,O
Gold_139,itu,O
Gold_139,bukan,O
Gold_139,magic,O
Gold_139,money,O
Gold_139,kalau,O
Gold_139,sebuah,O
Gold_139,tokencoin,O
Gold_139,mau,O
Gold_139,ada,O
Gold_139,nilainya,O
Gold_139,harus,O
Gold_139,ada,O
Gold_139,yang,O
Gold_139,add,O
Gold_139,value,O
Gold_139,dengan,O
Gold_139,beli,O
Gold_139,coin,O
Gold_139,nya,O
Gold_139,.,O
Gold_139,kalau,O
Gold_139,token,O
Gold_139,di,O
Gold_139,airdrop,O
Gold_139,dan,O
Gold_139,ga,O
Gold_139,ada,O
Gold_139,yang,O
Gold_139,beli,O
Gold_139,pasti,O
Gold_139,akan,O
Gold_139,selalu,O
Gold_139,abu,O
Gold_139,inilah,O
Gold_139,kenapa,O
Gold_139,fundamental,O
Gold_139,penting,O
Gold_139,kalau,O
Gold_139,cuma,O
Gold_139,game,O
Gold_139,tap2,O
Gold_139,di,O
Gold_139,telegram,O
Gold_139,buat,O
Gold_139,apa,O
Gold_139,dibeli,O
Gold_139,?,O
,,
Gold_1095,Fase,O
Gold_1095,baru,O
Gold_1095,dimulai,O
Gold_1095,token,O
Gold_1095,InterLink,B-CRYPTO
Gold_1095,kembali,O
Gold_1095,ke,O
Gold_1095,wallet,O
Gold_1095,pengguna,O
Gold_1095,Kini,O
Gold_1095,harga,O
Gold_1095,jadi,O
Gold_1095,sorotan,O
Gold_1095,.,O
Gold_1095,Namun,O
Gold_1095,tanpa,O
Gold_1095,intervensi,O
Gold_1095,tim,O
Gold_1095,pasar,O
Gold_1095,akan,O
Gold_1095,bergerak,O
Gold_1095,alami,O
Gold_1095,.,O
Gold_1095,Nilai,O
Gold_1095,fundamental,O
Gold_1095,dan,O
Gold_1095,adopsi,O
Gold_1095,akan,O
Gold_1095,menentukan,O
Gold_1095,arah,O
Gold_1095,.,O
Gold_1095,#InterLink,B-CRYPTO
Gold_1095,#ITLG,B-CRYPTO
Gold_1095,#ITL,B-CRYPTO
Gold_1095,HTTPURL,O
,,O
Gold_1350,yg,O
Gold_1350,butuh,O
Gold_1350,buat,O
Gold_1350,semir,O
Gold_1350,sepatu,O
Gold_1350,nih,O
Gold_1350,lumayan,O
Gold_1350,lg,O
Gold_1350,turun,O
Gold_1350,harga,O
Gold_1350,voc,O
Gold_1350,toko,O
Gold_1350,Svip,O
Gold_1350,koin,O
Gold_1350,.,O
Gold_1350,normal,O
Gold_1350,30k,O
Gold_1350,an,O
Gold_1350,df,O
Gold_1350,HTTPURL,O
,,
Gold_1075,Saya,O
Gold_1075,dan,O
Gold_1075,teman,O
Gold_1075,sangat,O
Gold_1075,bersyukur,O
Gold_1075,kenal,O
Gold_1075,crypto,O
Gold_1075,waktu,O
Gold_1075,itu,O
Gold_1075,karena,O
Gold_1075,dengan,O
Gold_1075,crypto,O
Gold_1075,banyak,O
Gold_1075,mengubah,O
Gold_1075,nasib,O
Gold_1075,.,O
Gold_1075,Ada,O
Gold_1075,yg,O
Gold_1075,bisa,O
Gold_1075,bantu,O
Gold_1075,bayar,O
Gold_1075,hutang,O
Gold_1075,keluarga,O
Gold_1075,beli,O
Gold_1075,kendaraan,O
Gold_1075,impian,O
Gold_1075,menikah,O
Gold_1075,handphone,O
Gold_1075,bikin,O
Gold_1075,usaba,O
Gold_1075,beli,O
Gold_1075,rumah,O
Gold_1075,dan,O
Gold_1075,sampe,O
Gold_1075,ada,O
Gold_1075,yg,O
Gold_1075,bikin,O
Gold_1075,kontrakan,O
Gold_1075,.,O
Gold_1075,HTTPURL,O
,,
Gold_1051,One,O
Gold_1051,Term,O
Gold_1051,a,O
Gold_1051,Day,O
Gold_1051,Make,O
Gold_1051,Confusion,O
Gold_1051,Go,O
Gold_1051,Away,O
Gold_1051,Term,O
Gold_1051,Fear,O
Gold_1051,amp,O
Gold_1051,Greed,O
Gold_1051,Artinya,O
Gold_1051,Dua,O
Gold_1051,emosi,O
Gold_1051,utama,O
Gold_1051,yang,O
Gold_1051,menggambarkan,O
Gold_1051,kondisi,O
Gold_1051,market,O
Gold_1051,.,O
Gold_1051,Ketika,O
Gold_1051,investor,O
Gold_1051,takut,O
Gold_1051,fear,O
Gold_1051,tekanan,O
Gold_1051,jual,O
Gold_1051,tinggi,O
Gold_1051,.,O
Gold_1051,Saat,O
Gold_1051,serakah,O
Gold_1051,greed,O
Gold_1051,mereka,O
Gold_1051,beli,O
Gold_1051,berlebihan,O
Gold_1051,.,O
Gold_1051,Contoh,O
Gold_1051,Waktu,O
Gold_1051,market,O
Gold_1051,jatuh,O
Gold_1051,dan,O
Gold_1051,semua,O
Gold_1051,panik,O
Gold_1051,jual,O
Gold_1051,HTTPURL,O
,,
Gold_1459,@USER,O
Gold_1459,@USER,O
Gold_1459,@USER,O
Gold_1459,Kesimpulan,O
Gold_1459,Investasi,O
Gold_1459,cuma,O
Gold_1459,1,O
Gold_1459,dari,O
Gold_1459,sekian,O
Gold_1459,cara,O
Gold_1459,cuan,O
Gold_1459,di,O
Gold_1459,dunia,O
Gold_1459,crypto,O
Gold_1459,.,O
Gold_1459,Kalau,O
Gold_1459,kamu,O
Gold_1459,rajin,O
Gold_1459,eksplor,O
Gold_1459,kontribusi,O
Gold_1459,dan,O
Gold_1459,bangun,O
Gold_1459,skill,O
Gold_1459,banyak,O
Gold_1459,peluang,O
Gold_1459,terbuka,O
Gold_1459,!,O
Gold_1459,#CryptoIndonesia,O
Gold_1459,#CuanCrypto,O
Gold_1459,#Web3,O
Gold_1459,#AirdropHunter,O
Gold_1459,#KerjaRemoteCrypto,O
Gold_1459,HTTPURL,O
,,
Gold_339,@USER,O
Gold_339,@USER,O
Gold_339,Bg,O
Gold_339,ni,O
Gold_339,knp,O
Gold_339,ya,O
Gold_339,di,O
Gold_339,walet,O
Gold_339,saya,O
Gold_339,tiba,O
Gold_339,tiba,O
Gold_339,ada,O
Gold_339,koin,O
Gold_339,ini,O
Gold_339,muncul,O
Gold_339,.,O
Gold_339,.,O
Gold_339,.,O
Gold_339,Bs,O
Gold_339,bantu,O
Gold_339,ada,O
Gold_339,yg,O
Gold_339,jelaskan,O
Gold_339,padahal,O
Gold_339,saya,O
Gold_339,gada,O
Gold_339,beli,O
Gold_339,ni,O
Gold_339,koin,O
Gold_339,HTTPURL,O
,,
Gold_1458,Kapan,O
Gold_1458,lagi,O
Gold_1458,kalian,O
Gold_1458,cuman,O
Gold_1458,bikin,O
Gold_1458,konten,O
Gold_1458,bisa,O
Gold_1458,dapet,O
Gold_1458,cuan,O
Gold_1458,ges,O
Gold_1458,?,O
Gold_1458,Penasaran,O
Gold_1458,kan,O
Gold_1458,?,O
Gold_1458,YUK,O
Gold_1458,ikutan,O
Gold_1458,jadi,O
Gold_1458,JUPFLUENCER,O
Gold_1458,bareng,O
Gold_1458,bobo,O
Gold_1458,!,O
Gold_1458,Pertama,O
Gold_1458,ku,O
Gold_1458,jelasin,O
Gold_1458,dulu,O
Gold_1458,yak,O
Gold_1458,JUPFLUENCER,O
Gold_1458,itu,O
Gold_1458,apa,O
Gold_1458,sih,O
Gold_1458,?,O
Gold_1458,JUPFLUENCER,O
Gold_1458,itu,O
Gold_1458,komunitas,O
Gold_1458,kreator,O
Gold_1458,di,O
Gold_1458,Web3,O
Gold_1458,yang,O
Gold_1458,spreading,O
Gold_1458,awareness,O
Gold_1458,soal,O
Gold_1458,Jupiter,O
Gold_1458,DEX,O
Gold_1458,dan,O
Gold_1458,kalian,O
Gold_1458,bakal,O
Gold_1458,HTTPURL,O
,,
Gold_111,Token,O
Gold_111,AI,O
Gold_111,yang,O
Gold_111,punya,O
Gold_111,produk,O
Gold_111,nyata,O
Gold_111,lebih,O
Gold_111,tahan,O
Gold_111,banting,O
Gold_111,.,O
Gold_111,Jangan,O
Gold_111,cuma,O
Gold_111,beli,O
Gold_111,hype,O
Gold_111,-,O
Gold_111,nya,O
Gold_111,.,O
Gold_111,#BybitIndonesia,O
Gold_111,#AINarrative,O
,,
Gold_759,Metaplanet,O
Gold_759,baru,O
Gold_759,saja,O
Gold_759,menambah,O
Gold_759,1,O
Gold_759,.,O
Gold_759,112,O
Gold_759,BTC,B-CRYPTO
Gold_759,senilai,O
Gold_759,$116,O
Gold_759,5,O
Gold_759,juta,O
Gold_759,di,O
Gold_759,harga,O
Gold_759,$104,O
Gold_759,.,O
Gold_759,760,O
Gold_759,!,O
Gold_759,Kini,O
Gold_759,total,O
Gold_759,kepemilikan,O
Gold_759,Metaplanet,O
Gold_759,10,O
Gold_759,.,O
Gold_759,0,O
Gold_759,BTC,B-CRYPTO
Gold_759,senilai,O
Gold_759,$1,O
Gold_759,6,O
Gold_759,miliar,O
Gold_759,Harga,O
Gold_759,rata,O
Gold_759,-,O
Gold_759,rata,O
Gold_759,pembelian,O
Gold_759,$96,O
Gold_759,.,O
Gold_759,015BTC,O
Gold_759,Kenapa,O
Gold_759,Ini,O
Gold_759,Penting,O
Gold_759,?,O
Gold_759,Metaplanet,O
Gold_759,adalah,O
Gold_759,perusahaan,O
Gold_759,publik,O
Gold_759,Jepang,O
Gold_759,jadi,O
Gold_759,ini,O
Gold_759,bukan,O
Gold_759,HTTPURL,O
,,
Gold_603,mff,O
Gold_603,syg,O
Gold_603,ak,O
Gold_603,gbs,O
Gold_603,hype,O
Gold_603,lg,O
Gold_603,nguli,O
Gold_603,buat,O
Gold_603,beli,O
Gold_603,merch,O
Gold_603,kalian,O
Gold_603,#auausave,O
,,
Gold_913,@USER,O
Gold_913,bg,O
Gold_913,menurut,O
Gold_913,lu,O
Gold_913,koin2,O
Gold_913,yg,O
Gold_913,terbang,O
Gold_913,di,O
Gold_913,akhir,O
Gold_913,tahun,O
Gold_913,lalu,O
Gold_913,apa,O
Gold_913,bakal,O
Gold_913,bisa,O
Gold_913,lg,O
Gold_913,balik,O
Gold_913,ke,O
Gold_913,harganya,O
Gold_913,?,O
Gold_913,dan,O
Gold_913,menurut,O
Gold_913,lu,O
Gold_913,yg,O
Gold_913,paling,O
Gold_913,potensi,O
Gold_913,selain,O
Gold_913,eth,B-CRYPTO
Gold_913,koin,O
Gold_913,apa,O
Gold_913,ya,O
Gold_913,?,O
,,
Gold_793,@USER,O
Gold_793,hal,O
Gold_793,yang,O
Gold_793,kemudian,O
Gold_793,mengakar,O
Gold_793,pada,O
Gold_793,cryptoblockchain,O
Gold_793,hanya,O
Gold_793,seputar,O
Gold_793,duit,O
Gold_793,cuan,O
Gold_793,dan,O
Gold_793,insentif,O
Gold_793,.,O
Gold_793,.,O
Gold_793,.,O
Gold_793,ini,O
Gold_793,yang,O
Gold_793,memutus,O
Gold_793,dialog,O
Gold_793,-,O
Gold_793,dialog,O
Gold_793,multi,O
Gold_793,disiplin,O
Gold_793,jika,O
Gold_793,terkukung,O
Gold_793,hanya,O
Gold_793,pada,O
Gold_793,ketakutan,O
Gold_793,ini,O
Gold_793,kita,O
Gold_793,ga,O
Gold_793,akan,O
Gold_793,pernah,O
Gold_793,bisa,O
Gold_793,buat,O
Gold_793,apapun,O
Gold_793,.,O
Gold_793,.,O
Gold_793,.,O