System,P,R,F1,95% CI,F1 per-fold,dF1 vs proposed,p (Holm)
Gazetteer longest-match (LKB only),0.4691,0.8029,0.5922,"[0.564, 0.619]",0.5923 ± 0.0461,-0.2619,<0.001
BiLSTM-CRF,0.7887,0.6252,0.6975,"[0.667, 0.726]",0.6980 ± 0.0323,-0.1566,<0.001
mBERT-CRF (gold only),0.8227,0.8325,0.8276,"[0.805, 0.849]",0.8272 ± 0.0269,-0.0265,0.028
IndoBERT-CRF (gold only),0.8561,0.8553,0.8557,"[0.835, 0.875]",0.8554 ± 0.0106,0.0016,0.852
IndoBERTweet-CRF (gold only)  [-DS],0.8454,0.7631,0.8021,"[0.777, 0.826]",0.8010 ± 0.0267,-0.0519,<0.001
"Base model, no fine-tuning     [-FT]",0.4672,0.802,0.5905,"[0.562, 0.617]",0.5908 ± 0.0405,-0.2636,<0.001
Proposed w/o denoising         [-HD],0.8191,0.8655,0.8416,"[0.821, 0.861]",0.8412 ± 0.0359,-0.0125,0.052
Proposed w/o CRF               [-CRF],0.8209,0.791,0.8057,"[0.782, 0.828]",0.8050 ± 0.0199,-0.0484,<0.001
"Proposed (IndoBERTweet-CRF, DS+HD+FT)",0.8328,0.8765,0.8541,"[0.834, 0.873]",0.8533 ± 0.0311,—,—
