Surface form,Dipertahankan,Ditekan,% dipertahankan
ini,39,9115,0.4260432597771466
ada,18,5309,0.3379012577435705
hype,20,2055,0.963855421686747
amp,0,2033,0.0
dia,1,1375,0.07267441860465117
sol,62,801,7.184241019698725
mana,5,725,0.684931506849315
bnb,50,710,6.578947368421052
gua,7,694,0.9985734664764622
in,0,478,0.0
meme,5,443,1.1160714285714286
ath,62,391,13.686534216335541
gt,2,391,0.5089058524173028
trump,9,376,2.3376623376623376
on,2,351,0.56657223796034
up,6,319,1.8461538461538463
memecoin,1,313,0.3184713375796178
open,2,261,0.7604562737642585
pump,24,260,8.450704225352112
gas,1,239,0.4166666666666667
real,2,210,0.9433962264150944
link,5,178,2.73224043715847
momentum,1,172,0.5780346820809249
btw,2,159,1.2422360248447204
super,1,124,0.8
